0	chulada	chulada	ES.SLANG
0	....	....	OTHER
0	m+pa+	m+pa+	WIX
0	y+anet+	y+anet+	WIX
0	,	,	OTHER
0	'iyari	'iyari	WIX
0	niuka	niuka	WIX
0	xeiyam+k+	xeiyam+k+	WIX
0	....	....	OTHER
0	abrazos	abrazos	ES
0	hijo	hijo	ES
1	Agradezco	Agradezco	ES
1	a	a	ES
1	dios	dios	ES
1	por	por	ES
1	darme	darme	ES
1	la	la	ES
1	oportunidad	oportunidad	ES
1	de	de	ES
1	ser	ser	ES
1	su	su	ES
1	asesorada	asesorada	ES
1	de	de	ES
1	tesis	tesis	ES
1	pampayuritzi	pampayuritzi	WIX
2	Testiga	Testiga	ES
2	jjj	jjj	OTHER
2	guapas	guapas	ES
2	ukar√≠	ukar√≠	WIX
2	üòÄ	üòÄ	OTHER
2	üòç	üòç	OTHER
2	üòò	üòò	OTHER
3	Wou	Wou	OTHER
3	muy	muy	ES
3	bien	bien	ES
3	...	...	OTHER
3	Ustedes	Ustedes	ES
3	salu2	salu2	ES.SLANG
3	aa	aa	ES
3	xeyunaitu	xeyunaitu	WIX
3	.	.	OTHER
5	Kepety	Kepety	WIX
5	.	.	OTHER
5	ane	ane	WIX
5	.	.	OTHER
5	uka	uka	WIX
5	..	..	OTHER
5	muy	muy	ES
5	guapa	guapa	ES
5	..	..	OTHER
5	üòç	üòç	OTHER
5	üòò	üòò	OTHER
6	Jajajaja	Jajajaja	OTHER
6	yariku	yariku	WIX
6	ya	ya	ES
6	no	no	ES
6	me	me	ES
6	peino	peino	ES
7	Felicidades	Felicidades	ES
7	neuki	neuki	WIX
7	aku	aku	WIX
7	üòô	üòô	OTHER
7	üç∫	üç∫	OTHER
7	pero	pero	ES
7	temando	temando	ES
7	abrazo	abrazo	ES
7	paraty	paraty	ES.SLANG
7	uki	uki	WIX
7	üòö	üòö	OTHER
7	üòô	üòô	OTHER
7	au	au	WIX
8	Nada	Nada	ES
8	mal	mal	ES
8	eku	eku	WIX
8	üòù	üòù	OTHER
8	üòî	üòî	OTHER
8	üôã	üôã	OTHER
8	üòú	üòú	OTHER
8	üòò	üòò	OTHER
9	Ijuezooo	Ijuezooo	ES.SLANG
9	tsipeukarmu	tsipeukarmu	WIX
9	,	,	OTHER
9	uyewa	uyewa	OTHER
9	NE	NE	NE
9	kpeit+arie	kpeit+arie	WIX
10	Si	Si	ES
10	nos	nos	ES
10	vemos	vemos	ES
10	bien	bien	ES
10	akume	akume	WIX
11	Mm	Mm	OTHER
11	nekweramate	ne kwe remate	WIX WIX ES
11	!	!	OTHER
11	Tu	Tu	ES
11	donde	donde	ES
11	lo	lo	ES
11	dejastes	dejastes	ES
11	üòÇ	üòÇ	OTHER
12	kiawa	kiawa	WIX
12	anovio	a novio	WIX ES
12	NE	NE	NE
12	aku	aku	WIX
12	netiaa	ne tiaa	WIX ES.SLANG
13	Muy	Muy	ES
13	cierto	cierto	ES
13	eku	eku	WIX
13	uki	uki	WIX
14	Kekutarik+	Kekutarik+	ES
14	neni√±a	ne ni√±a	WIX ES
15	Nee	Nee	WIX
15	waik+	waik+	WIX
15	ani√±a	a ni√±|a	WIX ES
15	jajajaja	jajajaja	OTHER
16	Ya	Ya	ES
16	casi	casi	ES
16	rik+	rik+	WIX
16	üòÇ	üòÇ	OTHER
16	üòÇ	üòÇ	OTHER
16	üòÇ	üòÇ	OTHER
16	neutax+xime	neutax+xime	WIX
17	haora	haora	ES.SLANG
17	padonde	padonde	ES.SLANG
17	,,,	,,,	OTHER
17	jeje	jeje	OTHER
17	saludos	saludos	ES
17	ek+	ek+	WIX
18	Guauu	Guauu	OTHER
18	kekuta	kekuta	WIX
18	saludos	saludos	ES
18	uka	uka	WIX
19	ekewari	ekewari	WIX
19	tsinari	tsinari	WIX
19	uka	uka	WIX
19	+imari	+imari	WIX
19	jejeje	jejeje	OTHER
19	y	y	ES
19	saludos	saludos	ES
19	.....	.....	OTHER
20	Comienza	Comienza	ES
20	un	un	ES
20	nuevo	nuevo	ES
20	a√±o	a√±o	ES
20	y	y	ES
20	yo	yo	ES
20	les	les	ES
20	deseo	deseo	ES
20	yunaime	yunaime	WIX
20	nemarema	nemarema	WIX
20	,	,	OTHER
20	neiwama	neiwama	WIX
20	,	,	OTHER
20	nehamikuma	ne hamiku ma	WIX ES.SLANG WIX
20	,	,	OTHER
20	que	que	ES
20	sea	sea	ES
20	de	de	ES
20	muchas	muchas	ES
20	bendiciones	bendiciones	ES
20	,	,	OTHER
20	alegr√≠as	alegr√≠as	ES
20	,	,	OTHER
20	amor	amor	ES
20	,	,	OTHER
20	felicidad	felicidad	ES
20	y	y	ES
20	muchas	muchas	ES
20	sorpresas	sorpresas	ES
20	bellas	bellas	ES
20	para	para	ES
20	su	su	ES
20	vida	vida	ES
20	.	.	OTHER
20	Valora	Valora	ES
20	lo	lo	ES
20	que	que	ES
20	tienes	tienes	ES
20	,	,	OTHER
20	supera	supera	ES
20	lo	lo	ES
20	que	que	ES
20	te	te	ES
20	duele	duele	ES
20	y	y	ES
20	lucha	lucha	ES
20	por	por	ES
20	lo	lo	ES
20	que	que	ES
20	quieres	quieres	ES
20	!	!	OTHER
21	Igual	Igual	ES
21	mente	mente	ES
21	neamiku	ne amiku	WIX ES.SLANG
21	k	k	ES.SLANG
21	lo	lo	ES
21	pases	pases	ES
21	bn	bn	ES.SLANG
22	Muchas	Muchas	ES
22	gracias	gracias	ES
22	amigo	amigo	ES
22	.	.	OTHER
22	.	.	OTHER
22	igualmente	igualmente	ES
22	yareik+@	yareik+@	WIX
22	nepaine	nepaine	WIX
22	neau	neau	WIX
22	..	..	OTHER
24	Simplemente	Simplemente	ES
24	Yo	Yo	ES
24	!	!	OTHER
24	Wixarika	Wixarika	WIX
24	Maka	Maka	WIX
24	Huta	Huta	WIX
24	y	y	ES
24	vamos	vamos	ES
24	por	por	ES
24	otra	otra	ES
24	mas	mas	ES
24	jjj	jjj	OTHER
24	...	...	OTHER
24	kentiy+weni	kentiy+weni	WIX
24	tsiet+	tsiet+	WIX
24	xewit	xewit	WIX
24	meri	meri	WIX
24	teuuwa	teuuwa	WIX
24	!	!	OTHER
24	saludos	saludos	ES
24	nemarema	nemarema	WIX
24	!	!	OTHER
25	aa	aa	ES
25	auuu	auuu	WIX
25	pero	pero	ES
25	ts+enk+	ts+enk+	WIX
25	penka	penka	WIX
25	yuwe	yuwe	WIX
25	jajajajaja	jajajajaja	OTHER
25	...	...	OTHER
26	gracias	gracias	ES
26	!	!	OTHER
26	...	...	OTHER
26	heiwats+	heiwats+	WIX
26	x+ka	x+ka	WIX
26	aix+	aix+	WIX
26	neuyu	neuyu	WIX
26	kuyurieni	kuyurieni	WIX
26	yani	yani	WIX
26	niuy+neni	niuy+neni	WIX
26	!	!	OTHER
26	jjjj	jjjj	OTHER
27	xei	xei	WIX
27	kiriwayarii	kiriwayarii	WIX
27	xeik+a	xeik+a	WIX
27	nepeaxix+	nepeaxix+	WIX
27	nehamik+		
27	...	...	OTHER
27	ent+t+		
27	y	y	WIX
27	luego	luego	WIX
27	empapa	empapa	WIX
27	xeik+a	xeik+a	WIX
27	jajja	jajja	OTHER
28	No	No	ES
28	puedo	puedo	ES
28	leerlos	leerlos	ES
28	k	k	ES.SLANG
28	dicen	dicen	ES
28	..	..	OTHER
28	kuinie	kuinie	WIX
28	kutarik+	kutarik+	WIX
28	tep+	tep+	WIX
28	anene	anene	WIX
29	No	No	ES
29	,	,	OTHER
29	son	son	ES
29	karimutsi	karimutsi	WIX
29	ando	ando	ES
29	en	en	ES
29	mexico	mexico	NE.ES
29	ya	ya	ES
29	vez	vez	ES
29	el	el	ES
29	indio	indio	ES
29	con	con	ES
29	mi	mi	ES
29	takutsi	takutsi	WIX
30	Meets+	Meets+	WIX
30	El	El	ES
30	Chalate	Chalate	ES.SLANG
30	Tuapurie	Tuapurie	NE.WIX
30	Kuruxi	Kuruxi	WIX
30	Wakaa	Wakaa	WIX
30	Tateikie	Tateikie	NE.WIX
30	Nueva	Nueva	NE.ES
30	Colonia	Colonia	NE.ES
30	M+tuyehane	M+tuyehane	WIX
30	NeMeMaarie	NeMeMaarie	WIX
31	hu	hu	WIX
31	yuri	yuri	WIX
31	tam+	tam+	WIX
31	ay	ay	ES.SLANG
31	ke	ke	ES.SLANG
31	dejar	dejar	ES
31	a	a	ES
31	un	un	ES
31	lado	lado	ES
31	la	la	ES
31	jente	jente	ES.SLANG
31	.	.	OTHER
1	....	....	OTHER
32	Pero	Pero	ES
32	como	como	ES
32	penkauka	penkauka	WIX
32	iwa	iwa	WIX
32	kewats+ri	kewats+ri	WIX
32	jakajajaj	jakajajaj	OTHER
33	Aix+	Aix+	WIX
33	kwenet+	kwenet+	WIX
33	.	.	OTHER
33	Nematsuri	Nematsuri	WIX
33	.	.	OTHER
33	'Uxa'a	'Uxa'a	WIX
33	taequipo		
33	m+ra'iwa	m+ra'iwa	ES
33	.	.	OTHER
33	Pa+	Pa+	WIX
33	reik+a	reik+a	ES
33	!	!	OTHER
34	la	la	ES
34	chula	chula	ES.SLANG
34	de	de	ES
34	wen+iiiii	wen+iiiii	WIX
34	.	.	OTHER
35	la	la	ES
35	chula	chula	ES.SLANG
35	de	de	ES
35	ninita	ninita	ES.SLANG
35	ne	ne	WIX
35	balu	balu	NE
35	...	...	OTHER
36	Ne	Ne	WIX
36	mare	mare	NE
36	!	!	OTHER
36	Yak+t+t+	Yak+t+t+	WIX
36	echiwa	echiwa	WIX
36	!	!	OTHER
36	Saludos	Saludos	ES
37	Kekuta	Kekuta	WIX
37	kwinie	kwinie	WIX
37	chipeutitemaik+	chipeutitemaik+	WIX
37	...	...	OTHER
37	Saludos	Saludos	ES
37	xochl	xochl	NE.ES
38	neamolsitha	ne amol sitha	WIX ES.SLANG ES.SLANG
40	acu√±ada	a cu√±ana	WIX ES
40	kunie	kunie	WIX
40	anetu	ane tu	WIX ES
40	hiii	hiii	EN
40	saludias	saludias	ES.SLANG
41	saludos	saludos	ES
41	uka	uka	WIX
41	va	va	ES
42	Kekuta	Kekuta	WIX
42	tepaiwarie	tepaiwarie	WIX
42	....	....	OTHER
42	Nos	Nos	ES
42	hicieron	hicieron	ES
42	birria	birria	ES
42	.	.	OTHER
42	..	..	OTHER
42	tsiepakuta	tsiepakuta	WIX
42	hay	hay	ES
42	pala	pala	ES.SLANG
42	otra	otra	ES
43	Karik+tsu	Karik+tsu	WIX
43	punenaine	punenaine	WIX
43	neriek+	neriek+	WIX
43	akuek+	akuek+	WIX
43	neamiga		
43	NE	NE	NE
44	¬°	¬°	OTHER
44	RECUERDA	RECUERDA	ES
44	NOS	NOS	ES
44	VEMOS	VEMOS	ES
44	EL	EL	ES
44	S√ÅBADO	S√ÅBADO	ES
44	15	15	OTHER
44	DE	DE	ES
44	JULIO	JULIO	ES
44	,	,	OTHER
44	M+PA+XETA	M+PA+XETA	WIX
44	'ERIWANI	'ERIWANI	WIX
44	NE'IWAMA	NE'IWAMA	WIX
44	!	!	OTHER
45	¬°	¬°	OTHER
45	VEN	VEN	ES
45	,	,	OTHER
45	PARTICIPA	PARTICIPA	ES
45	Y	Y	ES
45	DIVI√âRTETE	DIVI√âRTETE	ES
45	,	,	OTHER
45	PAMPARIYUTSI	PAMPARIYUTSI	WIX
45	!	!	OTHER
46	Una	Una	ES
46	preunga	preunga	ES
46	,	,	OTHER
46	donde	donde	ES
46	es	es	ES
46	eso	eso	ES
46	??	??	OTHER
46	Tateikie	Tateikie	NE.WIX
46	,	,	OTHER
46	teyupannie	teyupannie	WIX
46	h+xie	h+xie	WIX
46	,	,	OTHER
46	que	que	ES
46	buena	buena	ES
46	foto	foto	ES
46	,	,	OTHER
46	me	me	ES
46	gust√≥	gust√≥	ES
46	mucho	mucho	ES
46	!	!	OTHER
47	Siiiiii	Siiiiii	ES
47	m+tat+	m+tat+	WIX
48	Ammm	Ammm	OTHER
48	.	.	OTHER
48	bueno	bueno	ES
48	.	.	OTHER
48	..	..	OTHER
48	mas	mas	ES
48	te	te	ES
48	vale	vale	ES
48	ehhh	ehhh	ES
48	neiwaru	neiwaru	WIX
48	shula	shula	ES.SLANG
48	elmosha	elmosha	ES.SLANG
49	Esa	Esa	ES
49	NE	NE	NE
49	....	....	OTHER
49	el	el	ES
49	sapo	sapo	ES
49	kere'ane	kere'ane	WIX
50	neta	neta	ES.SLANG
50	netsuri	netsuri	WIX
50	kameti	kameti	WIX
50	nake	nake	WIX
50	...	...	OTHER
50	aku	aku	WIX
50	nekunatsi	nekunatsi	WIX
51	ket+	ket+	WIX
51	kuta	kuta	WIX
51	ukari	ukari	WIX
51	..	..	OTHER
51	comoke	comoke	ES.SLANG
51	neuxemate	neuxemate	WIX
52	puro	puro	ES
52	teut+a	teut+a	WIX
53	Eso	Eso	ES
53	es	es	ES
53	todo	todo	ES
53	puro	puro	ES
53	temut+a	temut+a	WIX
54	Sin	Sin	ES
54	m√°s	m√°s	ES
54	est√°n	est√°n	ES
54	totalmente	totalmente	ES
54	todos	todos	ES
54	invitados	invitados	ES
54	a	a	ES
54	la	la	ES
54	gran	gran	ES
54	fiesta	fiesta	ES
54	tradicional	tradicional	ES
54	de	de	ES
54	H√≠kuri	H√≠kuri	WIX
54	Neixa	Neixa	WIX
54	.	.	OTHER
55	el	el	ES
55	Pronunciamiento	Pronunciamiento	ES
55	de	de	ES
55	Wirikuta	Wirikuta	NE.WIX
55	y	y	ES
55	la	la	ES
55	Declaraci√≥n	Declaraci√≥n	ES
55	de	de	ES
55	Keiyatsita	Keiyatsita	NE.WIX
55	.	.	OTHER
56	tradicionales	tradicionales	ES
56	en	en	ES
56	los	los	ES
56	diferentes	diferentes	ES
56	lugares	lugares	ES
56	sagrados	sagrados	ES
56	como	como	ES
56	KEIYATSITA	KEIYATSITA	WIX
56	(	(	OTHER
56	Rosarito	Rosarito	NE.ES
56	,	,	OTHER
56	Nay	Nay	NE.ES
56	),	),	OTHER
56	PAR+YA	PAR+YA	NE.WIX
56	TEK+A	TEK+A	NE.WIX
56	(	(	OTHER
56	Cerro	Cerro	NE.ES
56	Quemado	Quemado	NE.ES
56	),	),	OTHER
56	UTUTAWITA	UTUTAWITA	NE.WIX
56	(	(	OTHER
56	Cerro	Cerro	ES
56	de	de	ES
56	Dios	Dios	ES
56	)	)	OTHER
56	muy	muy	ES
56	cerca	cerca	ES
56	de	de	ES
56	Bernalejo	Bernalejo	NE.ES
56	,	,	OTHER
56	Dgo	Dgo	NE.ES
56	,	,	OTHER
56	Kewimutaa	Kewimutaa	NE.WIX
56	(	(	OTHER
56	Ixtalpa	Ixtalpa	NE.ES
56	,	,	OTHER
56	Nay	Nay	NE.ES
56	),	),	OTHER
56	COHAMIATA	COHAMIATA	NE.ES
56	(	(	OTHER
56	Cerca	Cerca	ES
56	de	de	ES
56	San	San	NE.ES
56	Andr√©s	Andr√©s	NE.ES
56	Cohamiata	Cohamiata	NE.ES
56	)	)	OTHER
57	BACHILLERATO	BACHILLERATO	ES
57	INTERCULTURAL	INTERCULTURAL	ES
57	‚Äú	‚Äú	OTHER
57	TAKUTSI	TAKUTSI	WIX
57	NIUKIEYA	NIUKIEYA	WIX
57	‚Äù	‚Äù	OTHER
57	.	.	OTHER
58	saludos	saludos	ES
58	cu√≠date	cu√≠date	ES
58	mucho	mucho	ES
58	√°nimo	√°nimo	ES
58	wixarika	wixarika	WIX
58	xeik+a	xeik+a	WIX
58	Aku	Aku	WIX
59	Ek+ts+	Ek+ts+	WIX
59	peneaukwe	peneaukwe	WIX
59	...	...	OTHER
59	As√≠	As√≠	ES
59	va	va	ES
59	una	una	ES
59	canci√≥n	canci√≥n	ES
60	No	No	ES
60	es	es	ES
60	cierto	cierto	ES
60	,	,	OTHER
60	la	la	ES
60	canci√≥n	canci√≥n	ES
60	dice	dice	ES
60	:	:	OTHER
60	'Ek+ts+	'Ek+ts+	WIX
60	pemuneaukwe	pemuneaukwe	WIX
61	Hola	Hola	ES
61	amiga	amiga	ES
61	tu	tu	ES
61	muy	muy	ES
61	guapa	guapa	ES
61	y	y	ES
61	hermosa	hermosa	ES
61	akuts+	akuts+	WIX
62	Saludos	Saludos	ES
62	a	a	ES
62	ambas	ambas	ES
62	...	...	OTHER
62	Aixu	Aixu	WIX
62	xep+teyuxexeiya	xep+teyuxexeiya	WIX
62	.	.	OTHER
63	M√≠nimo	M√≠nimo	ES
63	...	...	OTHER
63	Un	Un	ES
63	saludo	saludo	ES
63	..	..	OTHER
63	Pal	Pal	ES
63	Ukiratsi	Ukiratsi	WIX
63	...	...	OTHER
63	Ya	Ya	ES
63	que	que	ES
63	no	no	ES
63	se	se	ES
63	acuerdan	acuerdan	ES
63	ni	ni	ES
63	los	los	ES
63	xaip+	xaip+	WIX
63	...	...	OTHER
64	Neiwa	Neiwa	WIX
64	!	!	OTHER
64	pamparios	pamparios	WIX
64	por	por	ES
64	compartir	compartir	ES
64	:D	:D	OTHER
64	pero	pero	ES
64	inviten	inviten	ES
64	este	este	ES
64	a√±o	a√±o	ES
64	pues	pues	ES
64	...	...	OTHER
64	saludos	saludos	ES
65	Nekati	Nekati	WIX.NE
65	ter+wawe	ter+wawe	WIX
65	wixarikaku	wixarikaku	WIX
65	..	..	OTHER
65	pero	pero	ES
65	esta	esta	ES
65	chido	chido	ES
65	..	..	OTHER
65	saludos	saludos	ES
66	Hiik+	Hiik+	WIX
66	xeik+a	xeik+a	WIX
66	peyetuiwa	peyetuiwa	WIX
66	Espa√±a	Espa√±a	ES
66	.	.	OTHER
66	Pero	Pero	ES
66	x+ka	x+ka	WIX
66	petiuter+wam+k+ni	petiuter+wam+k+ni	WIX
66	nexapa	nexapa	WIX
66	Nemetsiniut+a	Nemetsiniut+a	WIX
66	.	.	OTHER
67	Hola	Hola	ES
67	iris	iris	ES
67	...	...	OTHER
67	Podr√≠a	Podr√≠a	ES
67	ser	ser	ES
67	'Aix+	'Aix+	WIX
67	p+'ane	p+'ane	WIX
67	o	o	ES
67	'Aix+	'Aix+	WIX
67	pereu'erieka	pereu'erieka	WIX
67	,	,	OTHER
67	seg√∫n	seg√∫n	ES
67	el	el	ES
67	caso	caso	ES
67	...	...	OTHER
67	Saludos	Saludos	ES
67	.	.	OTHER
68	EL	EL	ES
68	LUGAR	LUGAR	ES
68	SAGRADO	SAGRADO	ES
68	WIX√ÅRIKA	WIX√ÅRIKA	NE.WIX
68	"	"	OTHER
68	XAPAWIYEMETA	XAPAWIYEMETA	NE.WIX
68	"	"	OTHER
68	Ubicado	Ubicado	ES
68	en	en	ES
68	la	la	ES
68	isla	isla	ES
68	de	de	ES
68	los	los	ES
68	alacranes	alacranes	ES
68	,	,	OTHER
68	Chapala	Chapala	NE.ES
68	,	,	OTHER
68	Jalisco	Jalisco	NE.ES
68	,	,	OTHER
69	Ne'iwa	Ne'iwa	WIX
69	Tutupika	Tutupika	NE.WIX
69	!	!	OTHER
69	Yo	Yo	ES
69	quiero	quiero	ES
69	unos	unos	ES
69	,	,	OTHER
69	apartados	apartados	ES
69	y	y	ES
69	encargados	encargados	ES
69	si	si	ES
69	tienes	tienes	ES
69	otros	otros	ES
69	colores	colores	ES
69	!!!	!!!	OTHER
70	Claro	Claro	ES
70	gusto	gusto	ES
70	ne'iwa	ne'iwa	WIX
70	.	.	OTHER
71	Te	Te	ES
71	quiero	quiero	ES
71	Iwa	Iwa	WIX
71	sabes	sabes	ES
71	que	que	ES
71	est√°n	est√°n	ES
71	en	en	ES
71	mis	mis	ES
71	rezos	rezos	ES
72	Abrazos	Abrazos	ES
72	y	y	ES
72	mucha	mucha	ES
72	f√©	f√©	ES
72	Tutu	Tutu	WIX
73	Kekuta	Kekuta	WIX
73	chulas	chulas	ES.SLANG
73	ellas	ellas	ES
74	Gracias	Gracias	ES
74	!	!	OTHER
74	Neplimo	ne plimo	WIX ES.SLANG
75	Jeje	Jeje	OTHER
75	,	,	OTHER
75	kepai	kepai	WIX
75	eku	eku	WIX
75	no	no	ES
75	tengo	tengo	ES
75	ese	ese	ES
75	dinero	dinero	ES
76	Hely	Hely	?
76	wanio	wanio	?
76	ya	ya	?
76	anet+	anet+	WIX
77	Jeje	Jeje	OTHER
77	.	.	OTHER
77	.	.	OTHER
77	yaliku	yaliku	WIX
77	netio		
77	jje	jje	OTHER
78	Hola	Hola	ES
78	uka	uka	WIX
78	iymali	iymali	WIX
78	yurewy	yurewy	WIX
78	neamiga		
78	shula	shula	ES.SLANG
78	.	.	OTHER
78	.	.	OTHER
79	Jeje	Jeje	OTHER
79	,,	,,	OTHER
79	gracias	gracias	ES
79	!	!	OTHER
79	Amiga	Amiga	ES
79	..	..	OTHER
79	eku	eku	WIX
79	chiere	chiere	WIX
79	muy	muy	WIX
79	linda	linda	WIX
79	..	..	OTHER
80	con	con	ES
80	el	el	ES
80	apoyo	apoyo	ES
80	de	de	ES
80	los	los	ES
80	centros	centros	ES
80	anfitriones	anfitriones	ES
80	Tatuutsi	Tatuutsi	WIX
80	Maxakwax√≠	Maxakwax√≠	WIX
81	Pampariyutsi	Pampariyutsi	WIX
81	....	....	OTHER
81	Saludos	Saludos	ES
81	...	...	OTHER
82	Felipe	Felipe	NE.ES
82	de	de	ES
82	la	la	ES
82	Cruz	Cruz	ES
82	(	(	OTHER
82	neteukari	neteukari	WIX
82	),	),	OTHER
82	Yesenia	Yesenia	NE.ES
82	Carrillo	Carrillo	NE.ES
82	(	(	OTHER
82	nekur√≠	nekur√≠	WIX
82	).	).	OTHER
83	Es	Es	ES
83	en	en	ES
83	la	la	ES
83	zitacua	zitacua	NE.WIX
83	verdad	verdad	ES
83	Tutu	Tutu	NE.WIX
84	Pampa	Pampa	WIX
84	...	...	OTHER
84	Aixe	Aixe	WIX
84	yeme	yeme	WIX
84	.	.	OTHER
84	¬ø	¬ø	OTHER
84	Ya	Ya	ES
84	ve	ve	ES
84	mi	mi	ES
84	amigo	amigo	ES
84	,	,	OTHER
84	que	que	ES
84	s√≠	s√≠	ES
84	se	se	ES
84	puede	puede	ES
84	?	?	OTHER
85	es	es	ES
85	un	un	ES
85	Haramara	Haramara	WIX
86	los	los	ES
86	coordinadores	coordinadores	ES
86	del	del	ES
86	proyecto	proyecto	ES
86	Se√±orita	Se√±orita	ES
86	Estudiante	Estudiante	ES
86	:	:	OTHER
86	Tuut√∫	Tuut√∫	WIX
86	+imari	+imari	WIX
86	.	.	OTHER
87	Falt√≥	Falt√≥	ES
87	el	el	ES
87	Muwieri	Muwieri	WIX
87	....	....	OTHER
87	bueno	bueno	ES
87	cre√≥	cre√≥	ES
87	.	.	OTHER
88	¬ø	¬ø	OTHER
88	HAS	HAS	ES
88	ESCUCHADO	ESCUCHADO	ES
88	DEL	DEL	ES
88	MARA'AKAME	MARA'AKAME	NE.WIX
88	?	?	OTHER
89	Ante	Ante	ES
89	el	el	ES
89	triunfo	triunfo	ES
89	jur√≠dico	jur√≠dico	ES
89	de	de	ES
89	la	la	ES
89	Comunidad	Comunidad	ES
89	Wix√°rika	Wix√°rika	NE.WIX
89	de	de	ES
89	San	San	ES
89	Sebasti√°n	Sebasti√°n	ES
89	Teponahuaxtl√°n	Teponahuaxtl√°n	ES
89	Waut+a	Waut+a	NE.WIX
89	y	y	OTHER
89	Tuxpan	Tuxpan	NE.ES
89	Kuruxi	Kuruxi	NE.WIX
89	Manuwe	Manuwe	NE.WIX
89	de	de	ES
89	los	los	ES
89	municipios	municipios	ES
89	de	de	ES
89	Mezquitic	Mezquitic	NE.ES
89	y	y	ES
89	Bola√±os	Bola√±os	NE.ES
89	,	,	OTHER
90	Tam+	Tam+	WIX
90	,	,	OTHER
90	m+k+tat+	m+k+tat+	WIX
90	memo	memo	ES
90	listones	listones	ES
90	,	,	OTHER
90	as√≠	as√≠	ES
90	es	es	ES
90	Nery	Nery	NE.ES
90	...	...	OTHER
91	Saludos	Saludos	ES
91	net+karima	net+karima	WIX
91	.	.	OTHER
92	KeAku	KeAku	WIX
92	Saludos	Saludos	ES
92	amigos	amigos	ES
92	Wixarika	Wixarika	NE.WIX
93	hiii	hiii	EN
93	necu√±ado		
93	,	,	OTHER
93	kepere'naane	kepere'naane	WIX
93	;)	;)	OTHER
93	waniu	waniu	WIX
94	No	No	ES
94	le	le	ES
94	des	des	ES
94	tu	tu	ES
94	vida	vida	ES
94	a	a	ES
94	quien	quien	ES
94	solo	solo	ES
94	destruye	destruye	ES
94	tu	tu	ES
94	'iyari	'iyari	WIX
94	sin	sin	ES
94	compasi√≥n	compasi√≥n	ES
94	.	.	OTHER
95	nawa	nawa	WIX
95	teieka	teieka	WIX
95	kuta	kuta	WIX
95	.	.	OTHER
95	esto	esto	ES
95	no	no	ES
95	me	me	ES
95	puede	puede	ES
95	estar	estar	ES
95	pasando	pasando	ES
95	a	a	ES
95	mi	mi	ES
95	.	.	OTHER
95	keane	keane	WIX
95	nemeuyah+akai	nemeuyah+akai	WIX
95	es	es	ES
95	....	....	OTHER
95	:P	:P	OTHER
95	üòÇ	üòÇ	OTHER
95	üòÇ	üòÇ	OTHER
95	ü§£	ü§£	OTHER
95	como	como	ES
95	va	va	ES
95	la	la	ES
95	cancion	cancion	ES
95	?	?	OTHER
95	y	y	ES
95	pasenme	pasenme	ES
95	otro	otro	ES
95	vaso	vaso	ES
95	de	de	ES
95	nawa	nawa	WIX
95	....	....	OTHER
95	üòÇ	üòÇ	OTHER
95	üòÇ	üòÇ	OTHER
96	Es	Es	ES
96	neta	neta	ES.SLANG
96	....	....	OTHER
96	tu	tu	ES
96	tomando	tomando	ES
96	nawa	nawa	WIX
96	...	...	OTHER
96	kien	kien	ES.SLANG
96	te	te	ES
96	viera	viera	ES
96	carnala	carnala	ES.SLANG
97	si	si	ES
97	les	les	ES
97	gusta	gusta	ES
97	...	...	OTHER
97	y	y	ES
97	con	con	ES
97	sentimiento	sentimiento	ES
97	neiwama	neiwama	WIX
97	...	...	OTHER
98	Desde	Desde	ES
98	esa	esa	ES
98	vez	vez	ES
98	yapetitemaik+	yapetitemaik+	WIX
99	Jijiji	Jijiji	OTHER
99	h+	h+	WIX
99	como	como	ES
99	vez	vez	ES
99	nehamika	ne hamika	WIX ES.SLANG
99	!	!	OTHER
99	Jaja	Jaja	OTHER
100	As√≠	As√≠	ES
100	es	es	ES
100	..	..	OTHER
100	kema	kema	WIX
100	a	a	WIX
101	Y	Y	ES
101	que	que	ES
101	nos	nos	ES
101	agarr√≥	agarr√≥	ES
101	la	la	ES
101	lluvia	lluvia	ES
101	wa'at+	wa'at+	WIX
102	karik+	karik+	WIX
102	üòÇ	üòÇ	OTHER
102	üòÇ	üòÇ	OTHER
102	üòá	üòá	OTHER
102	.	.	OTHER
102	Wistiane		
102	tu	tu	ES
102	Collar	Collar	ES
103	Hu	Hu	WIX
103	wa'at+	wa'at+	WIX
103	pronto	pronto	ES
103	te	te	ES
103	har√°s	har√°s	ES
103	una	una	ES
103	as√≠	as√≠	ES
103	seguroImprovisando	seguroImprovisando	ES
103	!	!	OTHER
103	!	!	OTHER
104	#Tam+Katiy+we	#Tam+Katiy+we	WIX
105	ok	ok	EN
105	,	,	OTHER
105	kuta	kuta	WIX
106	Aixi	Aixi	WIX
106	no	no	ES
106	los	los	ES
106	vaya	vaya	ES
106	a	a	ES
106	llevar	llevar	ES
106	la	la	ES
106	lluvia	lluvia	ES
107	...	...	OTHER
107	hu	hu	WIX
107	tam+	tam+	WIX
107	que	que	ES
107	ahi	ahi	ES
107	que	que	ES
107	hacer	hacer	ES
107	...	...	OTHER
108	kewatari	kewatari	WIX
108	nejugo		
109	Kepai	Kepai	WIX
109	ts+nets+k+	ts+nets+k+	WIX
109	wiyarie	wiyarie	WIX
109	yu'umieme	yu'umieme	WIX
109	casi	casi	ES
109	jeje	jeje	OTHER
110	Nooooooo	Nooooooo	ES
110	kename	kename	WIX
110	rekainie	rekainie	WIX
110	jajaja	jajaja	OTHER
111	Villa	Villa	ES
111	kuta	kuta	WIX
111	heiwa	heiwa	WIX
112	Sim√≥n	Sim√≥n	ES
112	nekema	nekema	WIX
113	As√≠	As√≠	ES
113	es	es	ES
113	primo	primo	ES
113	Puro	Puro	ES
113	perron	perron	ES.SLANG
113	Aku	Aku	WIX
114	Micheladas	Micheladas	ES.SLANG
114	keri	keri	WIX
114	nepeuim+k+	nepeuim+k+	WIX
115	pero	pero	ES
115	me	me	ES
115	queda	queda	ES
115	algo	algo	ES
115	lejos	lejos	ES
115	aku	aku	WIX
116	uuuyy	uuuyy	OTHER
116	es	es	ES
116	que	que	ES
116	ne	ne	WIX
116	kanetaunie	kanetaunie	WIX
116	jeje	jeje	OTHER
117	Mejor	Mejor	ES
117	nos	nos	ES
117	lo	lo	ES
117	tomamos	tomamos	ES
117	para	para	ES
117	el	el	ES
117	s√°bado	s√°bado	ES
117	aku	aku	WIX
117	amiga	amiga	ES
118	Hola	Hola	ES
118	.	.	OTHER
118	.	.	OTHER
118	como	como	ES
118	estas	estas	ES
118	.	.	OTHER
118	.	.	OTHER
118	Uka	Uka	WIX
119	Te	Te	ES
119	amo	amo	ES
119	mi	mi	ES
119	amor	amor	ES
119	.	.	OTHER
119	ok	ok	EN
119	.	.	OTHER
119	ya	ya	ES
119	pronto	pronto	ES
119	voy	voy	ES
119	a	a	ES
119	ir	ir	ES
119	a	a	ES
119	Tepic	Tepic	NE.ES
119	,	,	OTHER
119	para	para	ES
119	llevarte	llevarte	ES
119	a	a	ES
119	comer	comer	ES
119	al	al	ES
119	centro	centro	ES
119	...	...	OTHER
119	no	no	ES
119	te	te	ES
119	ag√ºites	ag√ºites	ES.SLANG
119	.	.	OTHER
119	nemetsinaki'erie	nemetsinaki'erie	WIX
119	.	.	OTHER
120	Keaku	Keaku	WIX
120	nekema	nekema	WIX
120	Desde	Desde	ES
120	Evansville	Evansville	NE.EN
120	Indiana	Indiana	NE.EN
120	.	.	OTHER
121	Je	Je	OTHER
121	neprimos	ne primo s	WIX ES ES
121	muy	muy	ES
121	shulos	shulos	ES.SLANG
121	..	..	OTHER
121	Q	Q	ES.SLANG
121	est√©n	est√©n	ES
121	bien	bien	ES
121	...	...	OTHER
122	Viento	Viento	ES
122	Wix√°rika	Wix√°rika	NE.WIX
122	'Ek+	'Ek+	WIX
122	tsipeane	tsipeane	WIX
123	Saludos	Saludos	ES
123	nekema	nekema	WIX
124	ketsu	ketsu	WIX
124	maineni	maineni	WIX
124	neprimo		
124	charli	charli	NE.EN
125	Que	Que	ES
125	guapa	guapa	ES
125	uk√°	uk√°	WIX
126	foto	foto	ES
126	de	de	ES
126	waru	waru	WIX
126	aik+mieme	aik+mieme	WIX
126	..	..	OTHER
126	jaja	jaja	OTHER
126	..	..	OTHER
126	no	no	ES
126	te	te	ES
126	cresss	cresss	ES
126	,,	,,	OTHER
126	esta	esta	ES
126	shido	shido	ES.SLANG
126	mi	mi	ES
126	flor	flor	ES
126	...	...	OTHER
127	Obviamente	Obviamente	ES
127	mi	mi	ES
127	nombre	nombre	ES
127	en	en	ES
127	wixa	wixa	WIX
127	es	es	ES
127	tuli	tuli	NE.WIX
127	wenima	wenima	NE.WIX
127	...	...	OTHER
127	y	y	ES
127	maricela	maricela	NE.ES
127	en	en	ES
127	teiwarik+	teiwarik+	WIX
128	ne	ne	WIX
128	kuahauyeim+ki	kuahauyeim+ki	WIX
128	Chin√©	Chin√©	WIX
128	kuareune	kuareune	WIX
128	+raxie	+raxie	WIX
128	ne	ne	WIX
128	hamikama	hamika ma	ES.SLANG WIX
128	saludos	saludos	ES
128	.	.	OTHER
129	Que	Que	ES
129	hermosa	hermosa	ES
129	üòç	üòç	OTHER
129	mi	mi	ES
129	princesa	princesa	ES
129	uka	uka	WIX
130	neuki	neuki	WIX
130	guapo	guapo	ES
131	jejejej	jejejej	OTHER
131	gracias	gracias	ES
131	au	au	WIX
131	uka	uka	WIX
131	..	..	OTHER
132	Ola	Ola	ES.SLANG
132	corazon	corazon	ES
132	ketal	ketal	ES.SLANG
132	asta	asta	ES.SLANG
132	ke	ke	ES.SLANG
132	me	me	ES
132	recuerdas	recuerdas	ES
132	me	me	WIX
132	netaku	netaku	WIX
132	tekielo	tekielo	ES.SLANG
132	muchooooo	muchooooo	ES
132	va	va	ES
133	invita	invita	ES
133	el	el	ES
133	amigo	amigo	ES
133	naw√°	naw√°	WIX
133	y	y	ES
133	modelo	modelo	ES
133	especial	especial	ES
133	...	...	OTHER
134	Jaja	Jaja	OTHER
134	hay	hay	ES
134	tu	tu	ES
134	crees	crees	ES
134	..	..	OTHER
134	??	??	OTHER
134	Uki	Uki	WIX
134	gracias	gracias	ES
134	bby	bby	EN.SLANG
134	y	y	ES
134	tu	tu	ES
134	siempre	siempre	ES
134	tan	tan	ES
134	Helmosho	Helmosho	ES.SLANG
134	aku	aku	WIX
134	Saludos	Saludos	ES
134	se	se	ES
134	te	te	ES.SLANG
134	kiere	kiere	ES.SLANG
135	As√≠	As√≠	ES
135	es	es	ES
135	uka	uka	WIX
136	Guapa	Guapa	ES
136	!	!	OTHER
136	Uka	Uka	WIX
136	!	!	OTHER
137	Uka	Uka	WIX
137	linda	linda	WIX
138	ay	ay	ES.SLANG
138	uka	uka	WIX
138	wapa	wapa	ES.SLANG
138	cileninielet+	cileninielet+	WIX
138	kuta	kuta	WIX
139	los	los	ES
139	apartes	apartes	ES
139	,	,	OTHER
139	ejejej	ejejej	OTHER
139	ntc	ntc	ES.SLANG
139	.	.	OTHER
139	hermosa	hermosa	ES
139	ek+	ek+	WIX
139	tkm	tkm	ES.SLANG
139	.	.	OTHER
140	K+tsi	K+tsi	WIX
140	luaku	luaku	WIX
140	bien	bien	ES
140	peakananeti	peakananeti	WIX
140	!!	!!	OTHER
140	Au	Au	WIX
140	!	!	OTHER
141	Skul	Skul	EN.SLANG
141	.	.	OTHER
141	jajaja	jajaja	OTHER
141	.	.	OTHER
141	uka	uka	WIX
141	nemetsinawani	nemetsinawani	WIX
142	Animo	Animo	ES
142	pariente	pariente	ES
142	as√≠	as√≠	ES
142	nomas	nomas	ES.SLANG
142	pa+	pa+	WIX
142	xeik+	xeik+	WIX
143	Hitsukutarik+	Hitsukutarik+	WIX
143	no	no	ES
143	se	se	ES
143	que	que	ES
143	decirte	decirte	ES
143	simplemente	simplemente	ES
143	hermosas	hermosas	ES
143	canciones	canciones	ES
143	y	y	ES
143	m√°s	m√°s	ES
143	en	en	ES
143	wixarika	wixarika	OTHER
143	esas	esas	ES
143	me	me	ES
143	encantaron	encantaron	ES
143	m√°s	m√°s	ES
143	.	.	OTHER
143	'Ariri	'Ariri	WIX
143	peputawi	peputawi	WIX
143	.	.	OTHER
144	Hey	Hey	EN
144	uka	uka	WIX
144	nunutsi	nunutsi	WIX
144	temaik+	temaik+	WIX
144	nemetsinawani	nemetsinawani	WIX
144	.	.	OTHER
144	Kauka	Kauka	WIX
144	.	.	OTHER
145	Saludos	Saludos	ES
145	uka	uka	WIX
145	nunutsi	nunutsi	WIX
145	temaikx	temaikx	WIX
145	nemetsinawani	nemetsinawani	WIX
145	.	.	OTHER
146	Kien	Kien	ES.SLANG
146	gusta	gusta	ES
146	de	de	ES
146	tsinarii	tsinarii	WIX
146	.?	.?	OTHER
147	nekie	nekie	WIX
147	nenuari	nenuari	WIX
147	nemetsi	nemetsi	WIX
147	jaeriwa	jaeriwa	WIX
147	animo	animo	ES
148	Kuxi	Kuxi	WIX
148	nekuata	nekuata	WIX
148	awe	awe	WIX
148	nekita	nekita	OTHER
148	esta	esta	ES
148	lejitos	lejitos	ES
148	de	de	ES
148	la	la	ES
148	central	central	ES
149	Casi	Casi	ES
149	ne	ne	WIX
149	penetseat+may	penetseat+may	WIX
149	...	...	OTHER
149	Ne+h+k+	Ne+h+k+	WIX
149	...	...	OTHER
149	jeje	jeje	OTHER
150	En	En	ES
150	TateiKie	TateiKie	NE.WIX
150	,	,	OTHER
150	teyupannie	teyupannie	WIX
150	h+xie	h+xie	WIX
151	excelente	excelente	ES
151	canta	canta	ES
151	bien	bien	ES
151	y	y	ES
151	salio	salio	ES
151	bien	bien	ES
151	la	la	ES
151	uka	uka	WIX
151	saludos	saludos	ES
151	..	..	OTHER
152	Renaciendo	Renaciendo	WIX
152	Iyari	Iyari	WIX
152	mis	mis	ES
152	compas	compas	ES.SLANG
152	de	de	ES
152	abrazos	abrazos	ES
152	,	,	OTHER
152	kwikari	kwikari	WIX
152	kunie	kunie	OTHER
152	xeteaitat+we	xeteaitat+we	WIX
152	..	..	OTHER
154	Hola	Hola	ES
154	uka	uka	WIX
154	+mari	+mari	WIX
154	kuinie	kuinie	WIX
154	petinake	petinake	WIX
154	de	de	ES
154	donde	donde	ES
154	ers	ers	ES
154	amiga	amiga	ES
154	sal2	sal2	ES.SLANG
155	Yats+xeik+a	Yats+xeik+a	WIX
155	con	con	ES
155	tu	tu	ES
155	carnala	carnala	ES.SLANG
155	chido	chido	ES
155	...	...	OTHER
156	Kepaits+	Kepaits+	WIX
156	repollo	repollo	ES
156	waat+	waat+	WIX
157	te	te	ES
157	acuerdas	acuerdas	ES
157	de	de	ES
157	esta	esta	ES
157	fato	fato	ES
157	ja	ja	OTHER
157	Uli	Uli	?
157	tsixeuanene	tsixeuanene	WIX
157	utsi	utsi	WIX
158	Mi	Mi	ES
158	kutsi	kutsi	WIX
158	saludos	saludos	ES
158	desde	desde	ES
158	por	por	ES
158	aka	aka	ES.SLANG
159	Kien	Kien	ES.SLANG
159	kiere	kiere	ES.SLANG
159	hamuytsi	hamuytsi	WIX
159	vengase	vengase	ES
159	aki	aki	ES.SLANG
159	en	en	ES
159	tukipa	tukipa	NE.WIX
159	zoq	zoq	NE.WIX
159	..	..	OTHER
159	mmm	mmm	OTHER
159	me	me	ES
159	eche	eche	ES
159	8	8	OTHER
159	jarras	jarras	ES
159	y	y	ES
159	m	m	ES.SLANG
159	sobra	sobra	ES
159	esto	esto	ES
160	Grscis	Grscis	ES.SLANG
160	!.	!.	OTHER
160	metsu	metsu	WIX
161	Donde	Donde	ES
161	estan	estan	ES
161	los	los	ES
161	hamuitsi	hamuitsi	WIX
161	..	..	OTHER
162	D	D	ES.SLANG
162	iku	iku	WIX
162	con	con	ES
162	tsatsaka	tsatsaka	WIX
163	Yo	Yo	ES
163	y	y	ES
163	mi	mi	ES
163	primo	primo	ES
163	Josue	Josue	NE.ES
163	Angel	Angel	NE.ES
163	,	,	OTHER
163	ta	ta	ES.SLANG
163	bien	bien	ES
163	alegre	alegre	ES
163	el	el	ES
163	ukichi	ukichi	WIX
163	...	...	OTHER
165	Algo	Algo	ES
165	m	m	ES.SLANG
165	dic	dic	ES
165	k	k	ES.SLANG
165	ni	ni	ES
165	mal	mal	ES
165	ni	ni	ES
165	bien	bien	ES
165	ay	ay	ES.SLANG
165	la	la	ES
165	llevo	llevo	ES
165	ik+ri	ik+ri	WIX
165	reyk+a	reyk+a	WIX
165	nepe+k+mim+k+	nepe+k+mim+k+	WIX
166	seguro	seguro	ES
166	nayka	nayka	WIX
166	manyebie	manyebie	WIX
167	Arriba	Arriba	ES
167	waxiet+	waxiet+	WIX
167	as√≠	as√≠	ES
167	es	es	ES
167	la	la	ES
167	musica	musica	ES
167	del	del	ES
167	chalate	chalate	ES
167	mi	mi	ES
167	rancho	rancho	ES
167	querido	querido	ES
167	que	que	ES
167	jamas	jamas	ES
167	abra	abra	ES
167	otro	otro	ES
168	Ek+ta	Ek+ta	WIX
168	tsiere	tsiere	WIX
168	guapa	guapa	ES
168	.	.	OTHER
169	Ay	Ay	ES.SLANG
169	kepaikuta	kepaikuta	WIX
169	......	......	OTHER
171	Les	Les	ES
171	comparto	comparto	ES
171	un	un	ES
171	peque√±o	peque√±o	ES
171	video	video	ES
171	de	de	ES
171	los	los	ES
171	goles	goles	ES
171	que	que	ES
171	est√°n	est√°n	ES
171	cosechando	cosechando	ES
171	los	los	ES
171	ni√±os	ni√±os	ES
171	de	de	ES
171	la	la	ES
171	escuela	escuela	ES
171	de	de	ES
171	f√∫tbol	f√∫tbol	ES
171	Waikamete	Waikamete	WIX
172	Gracias	Gracias	ES
172	amigas	amigas	ES
172	hechiwa	hechiwa	WIX
172	reik+	reik+	WIX
173	Kename	Kename	ES
173	neamika	ne amika	WIX ES.SLANG
173	jujuju	jujuju	OTHER
174	papamama	papamama	NE.ES
174	menetsiu	menetsiu	WIX
174	tiawitsiri	tiawitsiri	WIX
174	!	!	OTHER
174	En	En	ES
174	esta	esta	ES
174	vida	vida	ES
174	no	no	ES
174	hay	hay	ES
174	suerte	suerte	ES
174	para	para	ES
174	el	el	ES
174	hombre	hombre	ES
174	honrrado	honrrado	ES
174	!	!	OTHER
175	Yo	Yo	ES
175	nekwecarrillo	ne kwe carrillo	WIX WIX NE.ES
175	soy	soy	ES
175	la	la	ES
175	imagen	imagen	ES
175	divina	divina	ES
175	que	que	ES
175	mora	mora	ES
175	en	en	ES
175	este	este	ES
175	cuerpo	cuerpo	ES
175	!	!	OTHER
176	es	es	ES
176	ke	ke	ES.SLANG
176	tsineukati	tsineukati	WIX
176	tawe	tawe	WIX
176	eriwa	eriwa	WIX
176	!	!	OTHER
176	neu	neu	WIX
176	yu	yu	WIX
176	uayemanikey	uayemanikey	WIX
177	hurik+	hurik+	WIX
177	amiga	amiga	ES
177	NE	NE	NE.ES
177	!	!	OTHER
177	mejor	mejor	ES
177	te	te	ES
177	lo	lo	ES
177	digo	digo	ES
177	de	de	ES
177	una	una	ES
177	vez	vez	ES
177	jjj	jjj	OTHER
177	saludos	saludos	ES
177	hermosa	hermosa	ES
177	...	...	OTHER
178	Me	Me	ES
178	aku	aku	WIX
178	jeje	jeje	OTHER
178	y	y	ES
178	Que	Que	ES
178	bueno	bueno	ES
178	Que	Que	ES
178	ya	ya	ES
178	me	me	ES
178	lo	lo	ES
178	dices	dices	ES
178	jeje	jeje	ES
178	ntcs	ntcs	ES.SLANG
178	..	..	OTHER
178	Que	Que	ES
178	Estes	Estes	ES
178	bien	bien	ES
178	en	en	ES
178	todo	todo	ES
178	momento*	momento*	ES
178	**	**	OTHER
179	igual	igual	ES
179	amiga	amiga	ES
179	hermosa	hermosa	ES
179	!	!	OTHER
179	se	se	ES
179	te	te	ES
179	quiere	quiere	ES
179	au	au	WIX
179	!	!	OTHER
180	vamos	vamos	ES
180	por	por	ES
180	otra	otra	ES
180	mas	mas	ES
180	jjj	jjj	OTHER
180	...	...	OTHER
180	kenti1y+weni	kenti1y+weni	WIX
180	tsiet+	tsiet+	WIX
180	xewit	xewit	WIX
180	meri	meri	WIX
180	teuuwa	teuuwa	OTHER
180	!	!	OTHER
180	saludos	saludos	ES
180	nemarema	ne marema	WIX NE.ES
180	!	!	OTHER
181	Jijijiji	Jijijiji	OTHER
181	k	k	ES.SLANG
181	paist+	pais t+	ES WIX
181	..	..	OTHER
181	jalisco	jalisco	NE.ES
181	..	..	OTHER
181	tanaka	tanaka	WIX
181	..	..	OTHER
182	aa	aa	ES
182	auuu	auuu	WIX
182	pero	pero	ES
182	ts+enk+	ts+enk+	WIX
182	penka	penka	ES
182	yuwe	yuwe	WIX
182	jajajajaja	jajajajaja	OTHER
182	...	...	OTHER
183	gracias	gracias	WIX
183	!...	!...	OTHER
183	heiwats+	heiwats+	WIX
183	x+ka	x+ka	WIX
183	aix+	aix+	WIX
183	neuyukuyurieni	neuyukuyurieni	WIX
183	yani	yani	WIX
183	niuy+neni	niuy+neni	WIX
183	!	!	OTHER
183	jjjj	jjjj	OTHER
184	xei	xei	WIX
184	kiriwayarii	kiriwayarii	WIX
184	xeik+a	xeik+a	WIX
184	nepeaxix+	nepeaxix+	WIX
184	nehamik+	ne hamik+	WIX ES.SLANG
184	...	...	OTHER
184	ent+t+	en t+t+	ES WIX
184	y	y	ES
184	luego	luego	ES
184	empapa	empapa	ES
184	xeik+a	xeik+a	WIX
184	jajja	jajja	OTHER
185	No	No	ES
185	puedo	puedo	ES
185	leerlos	leerlos	ES
185	k	k	ES
185	dicen	dicen	ES
185	..	..	OTHER
185	kuinie	kuinie	WIX
185	kutarik+	kutarik+	WIX
185	tep+anene	tep+anene	WIX
186	No	No	ES
186	,	,	OTHER
186	son	son	ES
186	karimutsi	karimutsi	WIX
186	ando	ando	ES
186	en	en	ES
186	mexico	mexico	NE.ES
186	ya	ya	ES
186	vez	vez	ES
186	el	el	ES
186	indio	indio	ES
186	con	con	ES
186	mi	mi	ES
186	takutsi	takutsi	WIX
188	Si	Si	ES
188	pero	pero	ES
188	no	no	ES
188	lo	lo	ES
188	digas	digas	ES
188	me	me	ES
188	pegan	pegan	ES
188	...	...	OTHER
188	je	je	OTHER
188	saludos	saludos	ES
188	vamos	vamos	ES
188	a	a	ES
188	TATEIKIE	TATEIKIE	NE.WIX
188	..	..	OTHER
189	Wixarika	Wixarika	NE.WIX
189	Ts+Kwinie	Ts+Kwinie	OTHER
189	Katiyu	Katiyu	WIX
189	Yeiwieka	Yeiwieka	WIX
189	,	,	OTHER
189	m++ri	m++ri	WIX
189	TekaHeuUwame	TekaHeuUwame	WIX
189	xeteeerie	xeteeerie	WIX
192	Meets+	Meets+	WIX
192	El	El	ES
192	Chalate	Chalate	NE.ES
192	Tuapurie	Tuapurie	NE.WIX
192	Kuruxi	Kuruxi	WIX
192	Wakaa	Wakaa	WIX
192	Tateikie	Tateikie	NE.WIX
192	Nueva	Nueva	NE.ES
192	Colonia	Colonia	NE.ES
192	M+tiuyeane	M+tiuyeane	WIX
192	NeMeMaarie	NeMeMaarie	WIX
194	Es	Es	ES
194	muy	muy	ES
194	cierto	cierto	ES
194	amiga	amiga	ES
194	f√≠jate	f√≠jate	ES
194	nadamas	nadamas	ES
194	las	las	ES
194	piernas	piernas	ES
194	que	que	ES
194	tiene	tiene	ES
194	el	el	ES
194	nekwe	nekwe	WIX
194	NE	NE	NE
196	huyuri	huyuri	WIX
196	tam+	tam+	WIX
196	ay	ay	ES.SLANG
196	ke	ke	ES.SLANG
196	dejar	dejar	ES
196	a	a	ES
196	un	un	ES
196	lado	lado	ES
196	la	la	ES
196	jente	jente	ES.SLANG
196	.	.	OTHER
196	....	....	OTHER
197	nadie	nadie	ES
197	sabe	sabe	ES
197	loque	loque	ES
197	tiene	tiene	ES
197	hasta	hasta	ES
197	quelo	quelo	ES
197	pierde	pierde	ES
197	,	,	ES
197	sino	sino	ES
197	sabe	sabe	ES
197	valorar	valorar	ES
197	que	que	ES
197	se	se	ES
197	aleje	aleje	ES
197	deti	deti	ES
197	verdad	verdad	ES
197	nekwe	nekwe	WIX
197	NE	NE	NE
198	m+tat+	m+tat+	WIX
198	le	le	?
198	penti	penti	?
198	y+weni	y+weni	WIX
199	Claro	Claro	ES
199	que	que	ES
199	se	se	ES
199	puede	puede	ES
199	,	,	OTHER
199	meritekax+we	meritekax+we	OTHER
200	heri	heri	WIX
200	ts+karik+	ts+karik+	WIX
200	jaja	jaja	OTHER
200	...	...	OTHER
200	saludos	saludos	ES
200	kupari	kupari	WIX
201	akuxi	akuxi	WIX
201	san	san	NE.ES
201	miguel	miguel	NE.ES
201	septiembre	septiembre	ES
201	k+netiiwamie	k+netiiwamie	WIX
201	kanariwiyak+	kanariwiyak+	WIX
201	...	...	OTHER
201	anake	anake	WIX
201	x+ka	x+ka	WIX
201	nera	nera	WIX
201	iwa	iwa	WIX
201	nep+naneni	nep+naneni	WIX
201	celular	celular	WIX
202	Tambi√©n	Tambi√©n	ES
202	aprovecho	aprovecho	ES
202	para	para	ES
202	mandarle	mandarle	ES
202	un	un	ES
202	saludo	saludo	ES
202	especial	especial	ES
202	a	a	ES
202	mi	mi	ES
202	(	(	OTHER
202	Y+lama	Y+lama	WIX
202	)	)	OTHER
202	tkm	tkm	ES.SLANG
202	...	...	OTHER
203	Net√°	Net√°	WIX
203	Etsiwa	Etsiwa	WIX
203	Jeje	Jeje	OTHER
203	buen	buen	ES
203	provecho	provecho	ES
203	.....	.....	OTHER
204	M+tat+	M+tat+	WIX
204	ya	ya	ES
204	sabes	sabes	ES
204	d√≥nde	d√≥nde	ES
204	y	y	ES
204	cuando	cuando	ES
204	me	me	ES
204	Iyari	Iyari	WIX
204	!	!	OTHER
204	Saludos	Saludos	WIX
205	Aaa	Aaa	OTHER
205	her√≠ts+	her√≠ts+	WIX
205	jajaja	jajaja	OTHER
205	d√≥nde	d√≥nde	ES
205	Jeje	Jeje	OTHER
205	.	.	OTHER
206	HAREKUXIWA	HAREKUXIWA	WIX
206	AZUCAR	AZUCAR	ES
207	Jajaj	Jajaj	OTHER
207	...	...	OTHER
207	Pa+	Pa+	WIX
207	pekahait+	pekahait+	WIX
207	...	...	OTHER
207	Nenati	nena ti	ES WIX
207	hayani	hayani	WIX
207	jaja	jaja	OTHER
209	que	que	ES
209	tih+k+	tih+k+	WIX
209	m+k+	m+k+	WIX
209	tsipuxixieya	tsipuxixieya	WIX
209	waat+	waat+	WIX
209	...	...	OTHER
210	bien	bien	ES
210	echiwa	echiwa	WIX
210	timariyat+	timariyat+	WIX
210	jjj	jjj	OTHER
211	yuri	yuri	WIX
211	petiutaine	petiutaine	WIX
211	...	...	OTHER
211	pekatiuka	pekatiuka	WIX
211	itawa	itawa	WIX
211	prima	prima	ES
211	...	...	OTHER
212	tam+	tam+	WIX
212	ya	ya	ES
212	te	te	ES
212	la	la	ES
212	sabes	sabes	ES
212	m+pa+	m+pa+	WIX
212	xe+k+a	xe+k+a	WIX
213	Hume	Hume	WIX
213	neprimo	ne primo	WIX ES
213	ya	ya	ES
213	tapait+	tapait+	WIX
213	takayutetexiwa	takayutetexiwa	WIX
213	aun	aun	ES
213	que	que	ES
213	por	por	ES
213	facebook	facebook	NE
214	Chiteutiy+ini	Chiteutiy+ini	WIX
214	!	!	OTHER
214	Globo	Globo	ES
214	teutitekiya	teutitekiya	WIX
214	jajaj	jajaj	OTHER
215	Jaja	Jaja	OTHER
215	ek+	ek+	WIX
215	luego	luego	ES
215	temas	temas	ES
215	inieprima	i nie prima	WIX WIX ES
216	Tam+	Tam+	WIX
216	pa+ts+	pa+ts+	WIX
216	x+a	x+a	WIX
216	neane	neane	WIX
216	neiwa	neiwa	WIX
216	...	...	OTHER
216	Igual	Igual	ES
216	Saludos	Saludos	ES
217	Hume	Hume	NE
217	!	!	OTHER
217	Ay	Ay	ES.SLANG
217	q	q	ES.SLANG
217	ir	ir	ES
217	a	a	ES
217	las	las	ES
217	temurikita	temurikita	WIX
217	a	a	ES
217	traer	traer	ES
217	m√°s	m√°s	ES
217	!	!	OTHER
218	primo	primo	ES
218	como	como	ES
218	estilo	estilo	ES
218	...	...	OTHER
218	tem+rikita	tem+rikita	WIX
220	Hu	Hu	WIX
220	o	o	ES
220	waik+	waik+	WIX
220	!...	!...	OTHER
220	Like	Like	EN
220	y	y	ES
220	comenten	comenten	ES
221	Huwaat+	Huwaat+	WIX
221	amiga	amiga	ES
222	Ajaa	Ajaa	OTHER
222	...	...	OTHER
222	Kari	Kari	WIX
222	ayumieme	ayumieme	WIX
222	peuka	peuka	WIX
222	netsah+awe	netsah+awe	WIX
222	prima	prima	ES
222	NE	NE	NE
222	NE	NE	NE
222	NE	NE	NE
222	!	!	OTHER
222	jej	jej	OTHER
222	...	...	OTHER
222	Saludos	Saludos	ES
223	Tuaxarie	Tuaxarie	WIX
223	umemukae	umemukae	WIX
223	mi	mi	ES
223	Rancho	Rancho	ES
223	saludos	saludos	ES
223	primo	primo	ES
224	Akume	Akume	WIX
224	neiwa	neiwa	WIX
224	saludo	saludo	ES
225	Viva	Viva	ES
225	wixarika	wixarika	NE.WIX
225	y	y	ES
225	tateikie	tateikie	NE.WIX
225	saludos	saludos	ES
226	puro	puro	ES
226	tateikie	tateikie	NE.WIX
227	tu	tu	ES
227	igual	igual	ES
227	neiwar+	neiwar+	WIX
227	estas	estas	ES
227	linda	linda	ES
227	saludos	saludos	ES
227	para	para	ES
227	ti	ti	ES
227	que	que	ES
227	estes	estes	ES
227	bien	bien	ES
227	.	.	OTHER
228	Ne	Ne	WIX
228	siempre	siempre	ES
228	jjj	jjj	OTHER
228	netiuitaiki	netiuitaiki	WIX
229	Ne	Ne	WIX
229	neumikwa	neumikwa	WIX
229	pinixi	pinixi	WIX
229	para	para	ES
229	la	la	ES
229	cruda	cruda	ES
229	..	..	OTHER
229	k	k	ES.SLANG
229	es	es	ES
229	bueno	bueno	ES
229	,,	,,	OTHER
229	jjj	jjj	OTHER
230	Apoco	Apoco	ES
230	neta	neta	ES.SLANG
230	pa+neti	pa+neti	WIX
230	mariwa	mariwa	WIX
230	kename	kename	WIX
230	matsi	matsi	WIX
230	tiutakwine	tiutakwine	WIX
231	Saludazos	Saludazos	ES.SLANG
231	al	al	ES
231	z+we	z+we	WIX
232	Mi	Mi	ES
232	abuelo	abuelo	ES
232	zuwe	zuwe	WIX
233	Si	Si	ES
233	es	es	ES
233	cierto	cierto	ES
233	...	...	OTHER
233	yo	yo	ES
233	bien	bien	ES
233	tsankuxixi	tsankuxixi	WIX
233	..	..	OTHER
233	jjj	jjj	OTHER
234	El	El	ES
234	yawi	yawi	WIX
234	emplumado	emplumado	ES
235	Neupatsiene	Neupatsiene	WIX
235	kiero	kiero	ES.SLANG
235	un	un	ES
235	tenatsi	tenatsi	WIX
236	No	No	ES
236	kiere	kiere	ES.SLANG
236	ser	ser	ES
236	mi	mi	ES
236	tenatsi	tenatsi	WIX
236	ek+	ek+	ES
237	la	la	ES
237	,	,	OTHER
237	NE	NE	NE
237	,	,	OTHER
237	tam+	tam+	WIX
237	,,	,,	OTHER
237	ta	ta	ES.SLANG
237	,,,	,,,	OTHER
237	disponible	disponible	ES
238	A	A	ES
238	NO	NO	ES
238	AY	AY	ES
238	TSINARI	TSINARI	WIX
238	.	.	OTHER
238	Puro	Puro	ES
238	capuchino	capuchino	ES
239	Tsinekarentiweke	tsi ne karen ti weke	WIX WIX NE.ES WIX WIX
239	waat+	waat+	WIX
239	tili	tili	?
239	jjj	jjj	OTHER
239	amos	amos	ES
239	a	a	ES
239	chori	chori	?
239	de	de	ES
239	tateikie	tateikie	NE.WIX
240	tam+	tam+	WIX
240	a	a	ES
240	ver	ver	ES
240	tanguitas	tanguitas	ES
240	jjj	jjj	OTHER
241	Es	Es	ES
241	en	en	ES
241	h+naripa	h+naripa	WIX
241	jjj	jjj	OTHER
242	del	del	ES
242	equipo	equipo	ES
242	matarit+pa	matarit+pa	NE.WIX
243	Tsinekareuyutemawie	Tsinekareuyutemawie	WIX
243	,,	,,	OTHER
243	kpai	kpai	WIX
243	se	se	ES
243	acerca	acerca	ES
243	mi	mi	ES
243	vacaciones	vacaciones	ES
243	,,,	,,,	OTHER
243	ne	ne	WIX
243	metikuni	metikuni	WIX
243	xeik+a	xeik+a	WIX
243	,,	,,	OTHER
243	jjj	jjj	OTHER
243	aku	aku	WIX
244	Neuxipiet+	Neuxipiet+	WIX
244	,,	,,	OTHER
244	en	en	ES
244	cerro	cerro	ES
244	del	del	ES
244	mozco	mozco	ES
244	jjj	jjj	OTHER
245	Somos	Somos	ES
245	campeones	campeones	ES
245	kapuratsixi	kapuratsixi	WIX
246	Vamonos	Vamonos	ES
246	al	al	ES
246	centro	centro	ES
246	...	...	OTHER
246	teutekwewayu	teutekwewayu	WIX
246	,,,	,,,	OTHER
246	heiwat+	heiwat+	WIX
246	tetemikieni	tetemikieni	WIX
247	ekatsie	ekatsie	WIX
247	luego	luego	ES
248	Hombre	Hombre	ES
248	,	,	OTHER
248	trabajador	trabajador	ES
248	ya	ya	ES
248	Pauka	Pauka	WIX
248	kenepanukumakix+	kenepanukumakix+	WIX
248	..	..	OTHER
248	uki	uki	WIX
248	tam+	tam+	WIX
249	Simon	Simon	ES.SLANG
249	,	,	OTHER
249	tamatsika	tamatsika	WIX
250	Ufff	Ufff	OTHER
250	Tsiukatiux+ka	Tsiukatiux+ka	WIX
250	...	...	OTHER
250	kewari	kewari	WIX
250	amanayeyeu	amanayeyeu	WIX
251	Ne	Ne	WIX
251	luego	luego	ES
251	tsepa	tsepa	WIX
251	..	..	OTHER
252	au	au	WIX
252	nawa	nawa	WIX
252	nepetawauni	nepetawauni	WIX
252	..	..	OTHER
252	un	un	ES
252	20	20	OTHER
252	litro	litro	ES
252	para	para	ES
252	ustedes	ustedes	ES
252	jj	jj	OTHER
253	Amanayeyeu	Amanayeyeu	WIX
253	que	que	ES
253	es	es	ES
253	..???	..???	OTHER
254	amanayeyeu	amanayeyeu	WIX
254	tepanu	tepanu	WIX
254	ieni	ieni	WIX
254	amamanayeyeu	amamanayeyeu	WIX
254	wa	wa	WIX
254	hamat+a	hamat+a	WIX
254	jjjj	jjjj	OTHER
255	X	X	ES.SLANG
255	fin	fin	ES
255	..	..	OTHER
255	en	en	ES
255	yetapa	yetapa	ES
255	.	.	OTHER
256	Hein+ni	Hein+ni	WIX
256	xeya	xeya	WIX
256	machin	machin	ES.SLANG
257	A	A	ES
257	la	la	ES
257	fiesta	fiesta	ES
257	en	en	ES
257	matarit+pa	matarit+pa	WIX
257	a	a	ES
257	echar	echar	ES
257	teguino	teguino	ES.SLANG
258	Pura	Pura	ES
258	caguama	caguama	ES.SLANG
258	y	y	ES
258	ukari	ukari	WIX
258	..	..	OTHER
258	neuwahein+ni	neuwahein+ni	OTHER
258	..	..	OTHER
258	carnal	carnal	ES.SLANG
259	O	O	ES
259	nekie	nekie	WIX
260	A	A	ES
260	,	,	OTHER
260	donde	donde	ES
260	me	me	ES
260	voy	voy	ES
260	...	...	OTHER
260	en	en	ES
260	guadalajara	guadalajara	NE.ES
260	o	o	ES
260	Aguascalientes	Aguascalientes	NE.ES
260	..	..	OTHER
260	Haukits+	Haukits+	WIX
261	Aver	Aver	ES
261	k	k	ES.SLANG
261	netihein+ni	netihein+ni	OTHER
261	..	..	OTHER
264	Ya	Ya	ES
264	v√°monos	v√°monos	ES
264	a	a	ES
264	tateikie	tateikie	WIX
264	...	...	OTHER
264	pahurari	pahurari	WIX
264	..	..	OTHER
264	tatukaritsie	tatukaritsie	WIX
264	....	....	OTHER
264	d√≠a	d√≠a	ES
264	del	del	ES
264	ni√±o	ni√±o	ES
264	....	....	OTHER
264	tteute	tteute	WIX
264	kwewayu	kwewayu	WIX
264	..	..	OTHER
264	jjj	jjj	OTHER
265	A	A	ES
265	est√°n	est√°n	ES
265	mis	mis	ES
265	chalanes	chalanes	ES
265	....	....	OTHER
265	tsiimanixi	tsiimanixi	WIX
265	teukarimama	teukarimama	WIX
266	Apena	Apena	ES
266	hamuitsi	hamuitsi	WIX
266	nemekukwewax+tsie	nemekukwewax+tsie	WIX
266	mieme	mieme	WIX
266	...	...	OTHER
267	Neyu	Neyu	WIX
267	+kit+@net+	+kit+@net+	WIX
267	....	....	OTHER
268	Restauran	Restauran	ES
268	chino	chino	ES
268	.	.	OTHER
268	..	..	OTHER
268	teuwaretuani	teuwaretuani	WIX
268	.	.	OTHER
268	..	..	OTHER
268	jajajaj	jajajaj	OTHER
269	A	A	ES
269	trabajar	trabajar	ES
269	se	se	ES
269	ha	ha	ES
269	dicho	dicho	ES
269	..	..	OTHER
269	jjj	jjj	OTHER
269	ney++raxiet+	ney++raxiet+	WIX
270	No	No	ES
270	tengo	tengo	ES
270	sue√±o	sue√±o	ES
270	...	...	OTHER
270	Ke	Ke	WIX
270	..	..	OTHER
270	kuta	kuta	WIX
270	....	....	OTHER
271	Heiwat+	Heiwat+	WIX
271	..	..	OTHER
271	naye	naye	WIX
271	eriet+yani	eriet+yani	WIX
271	temaik+yari	temaik+yari	WIX
271	ne	ne	WIX
271	artesanot+	artesano t+	ES WIX
271	kaitsie	kaitsie	WIX
271	.....	.....	OTHER
272	NE	NE	NE.WIX
272	NETAIWAWIYA	NETAIWAWIYA	WIX
272	EL	EL	ES
272	SABE	SABE	ES
272	TODO	TODO	ES
272	.	.	OTHER
272	.	.	OTHER
272	.	.	OTHER
273	tatata	tatata	WIX
273	+kiyari	+kiyari	WIX
273	neutawewi	neutawewi	WIX
273	jj	jj	OTHER
274	kepaits+	kepaits+	WIX
274	yukie	yukie	WIX
274	ha	ha	WIX
274	eriwat+	eriwat+	WIX
274	kautatsua	kautatsua	WIX
274	waat+	waat+	WIX
274	!	!	OTHER
274	animo	animo	ES
274	primo	primo	ES
275	iteuki	iteuki	WIX
275	peremi	peremi	WIX
275	???	???	OTHER
275	o	o	ES
275	no	no	ES
275	mas	mas	ES
275	hiciste	hiciste	ES
275	trampa	trampa	ES
276	Tsiuka	Tsiuka	WIX
276	tiyuheiwerie	tiyuheiwerie	OTHER
276	..	..	OTHER
276	kiere	kiere	ES.SLANG
276	cagahuamas	cagahuamas	ES.SLANG
276	...	...	OTHER
276	se	se	ES
276	kiere	kiere	ES.SLANG
276	en	en	ES
276	borrachar	borrachar	ES
276	...	...	OTHER
276	jjjj	jjjj	OTHER
277	Teteikie	Teteikie	NE.WIX
277	kuuta	kuuta	WIX
277	en	en	ES
277	metseta	metseta	ES.SLANG
277	inieni	inieni	WIX
277	.	.	OTHER
277	Al	Al	ES
277	tejuino	tejuino	ES
277	...	...	OTHER
277	un	un	ES
277	20	20	OTHER
277	litro	litro	ES
277	manetawaum+k+	manetawaum+k+	WIX
277	.	.	OTHER
277	pen	pen	WIX
277	kaukama	kaukama	WIX
278	Kekuta	Kekuta	WIX
278	la	la	ES
278	familia	familia	ES
278	riekia	riekia	WIX
279	Esk	Esk	ES.SLANG
279	waniu	waniu	WIX
279	aiwa	aiwa	WIX
279	keinake	keinake	WIX
279	,	,	OTHER
279	erie	erie	WIX
279	..	..	OTHER
279	jjjj	jjjj	OTHER
280	Tapatr√≥n	ta patr√≥n	WIX ES
280	xeik+a	xeik+a	WIX
280	iet+	iet+	WIX
280	...	...	OTHER
281	Con	Con	ES
281	pe√±a	pe√±a	NE.ES
281	...	...	OTHER
281	tam+	tam+	WIX
282	Los	Los	ES
282	grandes	grandes	ES
282	jefes	jefes	ES
282	...	...	OTHER
282	del	del	ES
282	atole	atole	ES
282	aku	aku	WIX
282	Jejeje	Jejeje	OTHER
282	wavi	wavi	WIX
282	nekueee	nekueee	WIX
283	Tam+	Tam+	WIX
283	..	..	OTHER
283	penkaukama	penkaukama	WIX
283	..	..	OTHER
283	ah√≠	ah√≠	ES
283	est√°n	est√°n	ES
283	los	los	ES
283	ulis	ulis	?
283	,	,	OTHER
283	jjj	jjj	OTHER
284	Ya	Ya	?
284	ne	ne	WIX
284	reuk@weiyat+	reuk@weiyat+	WIX
284	,.	,.	OTHER
284	xeik+@	xeik+@	WIX
284	chin	chin	ES.SLANG
285	Kane	Kane	WIX
285	peiye	peiye	WIX
285	h+Wa	h+Wa	WIX
285	....	....	OTHER
285	nomas	nomas	ES
285	xewit+	xewit+	WIX
285	x	x	ES.SLANG
285	peuyewetse	peuyewetse	WIX
286	neuxeinie	neuxeinie	WIX
286	yunaime	yunaime	WIX
286	....	....	OTHER
286	kwit+	kwit+	WIX
286	teutekwani	teutekwani	WIX
286	al	al	ES
286	centro	centro	ES
286	.....	.....	OTHER
286	hik+	hik+	WIX
286	mexi	mexi	WIX
286	.	.	OTHER
286	..	..	OTHER
286	yurikake	yurikake	WIX
286	.	.	OTHER
286	..	..	OTHER
286	xekwe	xekwe	WIX
286	ikwai	ikwai	WIX
286	xetikawewirieni	xetikawewirieni	WIX
286	.....	.....	OTHER
286	keane	keane	WIX
286	me	me	?
286	puene	puene	?
286	..	..	OTHER
286	tsiere	tsiere	ES
286	..	..	OTHER
286	kane	kane	WIX
286	no	no	ES
286	puede	puede	ES
286	,,,	,,,	OTHER
286	pa+xeik+a	pa+xeik+a	WIX
286	....	....	OTHER
286	alas	alas	ES
286	2	2	OTHER
286	..	..	OTHER
286	pm	pm	OTHER
287	yurikake	yurikake	WIX
287	maria	maria	NE
287	tiwewiyaya	tiwewiyaya	WIX
287	tetekwani	tetekwani	WIX
287	jjj	jjj	OTHER
287	gracias	gracias	ES
287	ay	ay	ES
287	voy	voy	ES
287	en	en	ES
287	chinga	chinga	ES
287	primo	primo	ES
287	jj	jj	OTHER
288	Ah√≠	Ah√≠	ES
288	con	con	ES
288	kwitapi	kwitapi	WIX
288	..	..	OTHER
288	un	un	ES
289	A	A	ES
289	trabajar	trabajar	ES
289	se	se	ES
289	ha	ha	ES
289	dicho	dicho	ES
289	...	...	OTHER
289	ney++raxiet+	ney++raxiet+	WIX
289	ne	ne	WIX
289	....	....	OTHER
290	llevate	llevate	ES
290	esa	esa	ES
290	mquina	mquina	ES
290	s	s	ES.SLANG
290	san	san	ES
290	tateikie	tateikie	NE.WIX
290	para	para	ES
290	arreglar	arreglar	ES
290	la	la	ES
290	crretera	crretera	ES
290	de	de	ES
290	san	san	NE.ES
290	andres	andres	NE.ES
290	a	a	ES
290	inaripa	inaripa	WIX
290	jjj	jjj	OTHER
291	Ese	Ese	ES
291	mi	mi	ES
291	compa	compa	ES
291	kap+	kap+	WIX
291	?	?	OTHER
292	pare	pare	ES
292	a	a	ES
292	wa+kamata	wa+kamata	WIX
292	kem+neni	kem+neni	WIX
292	primo	primo	ES
292	!	!	OTHER
293	teukate	teukate	WIX
293	axe	axe	WIX
293	waniu	waniu	WIX
293	ayumieme	ayumieme	WIX
293	teuka	teuka	WIX
293	naki	naki	WIX
293	eriwa	eriwa	WIX
293	primo	primo	ES
293	jjj	jjj	OTHER
294	saludos	saludos	ES
294	desde	desde	ES
294	mekitsata	mekitsata	NE.WIX
295	k+m+ri	k+m+ri	WIX
295	teuhan+iyu	teuhan+iyu	WIX
295	madretsixi	madre tsixi	ES WIX
295	wahets+a	wahets+a	WIX
295	dulce	dulce	ES
295	te	te	ES
295	kwewat+	kwewat+	WIX
295	primo	primo	ES
295	jjjj	jjjj	OTHER
296	Sim√≥n	Sim√≥n	ES.SLANG
296	...	...	OTHER
296	Meyukuhayewax+	Meyukuhayewax+	WIX
296	..	..	OTHER
296	en	en	ES
296	navidad	navidad	ES
296	...	...	OTHER
297	K	K	ES.SLANG
297	bueno	bueno	ES
297	..	..	OTHER
297	santa	santa	ES
297	.....	.....	OTHER
297	me	me	ES
297	trajo	trajo	ES
297	.	.	OTHER
297	.	.	OTHER
297	mucho	mucho	ES
297	trabajo	trabajo	ES
297	...	...	OTHER
297	X	X	ES.SLANG
297	k	k	ES.SLANG
297	hoy	hoy	ES
297	trabajo	trabajo	ES
297	...	...	OTHER
297	hasta	hasta	ES
297	el	el	ES
297	..	..	OTHER
297	lunes	lunes	ES
297	.....	.....	OTHER
297	PA+CH+CH+	PA+CH+CH+	WIX
297	.....	.....	OTHER
297	.	.	OTHER
297	....	....	OTHER
297	yeme	yeme	WIX
297	kuta	kuta	WIX
297	...	...	OTHER
297	kewats+ri	kewats+ri	WIX
297	temanu	temanu	WIX
297	ienikekai	ienikekai	WIX
297	..	..	OTHER
297	nehamikuma	ne hamiku ma	WIX ES.SLANG WIX
297	...	...	OTHER
297	chiepachuli	chi e pa chuli	WIX WIX WIX ES.SLANG
297	...	...	OTHER
298	Ojale	Ojale	ES
298	sea	sea	ES
298	as√≠	as√≠	ES
298	..	..	OTHER
298	muchas	muchas	ES
298	gracia	gracia	ES
298	...	...	OTHER
298	fwluz	fwluz	ES
298	navidad	navidad	ES
298	..	..	OTHER
298	Aix+	Aix+	WIX
298	peureu	peureu	WIX
298	erieka	erieka	WIX
298	....	....	OTHER
299	Xeneyuku	Xeneyuku	WIX
299	ha	ha	WIX
299	arit+waniri	arit+waniri	WIX
299	..	..	OTHER
299	tekateni	tekateni	WIX
299	kwewayunu	kwewayunu	WIX
299	...	...	OTHER
299	madretsixi	madre tsixi	ES WIX
299	memakateitsie	memakateitsie	WIX
299	......	......	OTHER
300	ne	ne	WIX
300	wats+	wats+	WIX
300	yo	yo	ES
300	me	me	ES
300	apunto	apunto	ES
301	Yo	Yo	ES
301	tambi√©n	tambi√©n	ES
301	estoy	estoy	ES
301	lista	lista	ES
301	.	.	OTHER
301	Jejeje	Jejeje	OTHER
301	pero	pero	ES
301	no	no	ES
301	tengo	tengo	ES
301	+kari	+kari	WIX
301	me	me	ES
301	prestan	prestan	ES
302	si	si	ES
302	...	...	OTHER
302	temetsan	temetsan	WIX
302	kweni	kweni	WIX
302	temetsita	temetsita	WIX
302	eimame	eimame	WIX
302	jajaj	jajaj	OTHER
303	A	A	?
303	ikari	ikari	WIX
303	pera	pera	?
303	hurieri	hurieri	WIX
303	..	..	OTHER
304	Esk	Esk	ES.SLANG
304	kauka	kauka	WIX
304	ne	ne	WIX
304	na	na	WIX
304	kuwiyari	kuwiyari	WIX
304	...	...	OTHER
304	aimieme	aimieme	WIX
304	nekatiku	nekatiku	WIX
304	eriwa	eriwa	WIX
305	K+rinku	K+rinku	WIX
305	xapieya	xapieya	WIX
305	..	..	OTHER
305	jjj	jjj	OTHER
305	..	..	OTHER
305	m	m	ES.SLANG
305	acorde	acorde	ES
305	k	k	ES.SLANG
305	un	un	ES
305	se√±or	se√±or	ES
305	as√≠	as√≠	ES
305	se	se	ES
305	llama	llama	ES
305	jjjj	jjjj	OTHER
306	Donal	Donal	NE.EN
306	trunp	trunp	NE.EN
306	..	..	OTHER
306	muwa	muwa	WIX
306	parexei	parexei	WIX
306	jajajaja	jajajaja	OTHER
307	Netikuyet+	Netikuyet+	WIX
307	....	....	OTHER
307	para+rik+	para +ri k+	ES WIX WIX
307	...	...	OTHER
307	k	k	ES.SLANG
307	para+	para +	ES WIX
307	titewa	titewa	WIX
307	...	...	OTHER
308	Tam+	Tam+	WIX
308	..	..	OTHER
308	penkaukama	penkaukama	WIX
308	...	...	OTHER
308	estamos	estamos	ES
308	hablando	hablando	ES
308	de	de	ES
308	la	la	ES
308	Jacinta	Jacinta	NE.ES
308	d	d	ES
308	chaki	chaki	?
308	..	..	OTHER
308	jjjj	jjjj	OTHER
309	Haesta	Haesta	ES.SLANG
309	la	la	ES
309	cosa	cosa	ES
309	..	..	OTHER
309	k	k	ES
309	dijo	dijo	ES
309	..	..	OTHER
309	pura	pura	ES
309	calidad	calidad	ES
309	...	...	OTHER
309	nekaniku	nekaniku	WIX
309	eiririeni	eiririeni	WIX
309	kekait+ni	kekait+ni	WIX
309	....	....	OTHER
309	jjj	jjj	OTHER
310	K+m+t+kari	K+m+t+kari	WIX
310	tataikie	tataikie	WIX
310	...	...	OTHER
310	ala	ala	ES.SLANG
310	fiesta	fiesta	ES
310	....	....	OTHER
311	Tam+	Tam+	WIX
311	netewa	netewa	WIX
311	...	...	OTHER
311	penkaikama	penkaikama	WIX
311	..	..	OTHER
311	jjj	jjj	OTHER
312	puro	puro	ES
312	matarit+pa	matarit+pa	WIX
312	primo	primo	ES
312	!	!	OTHER
313	Hay	Hay	ES
313	.	.	OTHER
313	.	.	OTHER
313	tita	tita	WIX
313	kehepa+	kehepa+	WIX
313	...	...	OTHER
313	aaa	aaa	OTHER
314	K	K	WIX.SLANG
314	kuta	kuta	WIX
314	..	..	OTHER
314	neukwau	neukwau	WIX
314	im+k+	im+k+	WIX
314	....	....	OTHER
314	hay	hay	ES
314	k	k	ES.SLANG
314	arrankar	arrankar	ES.SLANG
314	dicen	dicen	ES.SLANG
314	los	los	ES
314	mexicanos	mexicanos	ES
314	....	....	OTHER
315	K+m+r√≠	K+m+r√≠	WIX
315	...	...	OTHER
315	al	al	ES
315	baile	baile	ES
315	...	...	OTHER
316	Keane	Keane	WIX
316	peuywim+k+	peuywim+k+	WIX
316	yo	yo	ES
316	pago	pago	ES
316	todo	todo	ES
316	hasta	hasta	ES
316	en	en	ES
316	la	la	ES
316	ma√±ana	ma√±ana	ES
316	k	k	ES.SLANG
316	se	se	ES
316	duerma	duerma	ES
316	as√≠	as√≠	ES
316	casa	casa	ES
316	k	k	ES.SLANG
316	no	no	ES
316	le	le	ES
316	siga	siga	ES
316	d	d	ES.SLANG
316	cruda	cruda	ES.SLANG
317	salud	salud	ES
317	neiwa	neiwa	WIX
318	Los	Los	ES
318	kimenes	kimenes	?
318	.	.	OTHER
318	Xeik+@	Xeik+@	WIX
319	Kekuta	Kekuta	WIX
319	aix+	aix+	WIX
319	neukwaranuye	neukwaranuye	WIX
319	m+m+k+	m+m+k+	WIX
319	....	....	OTHER
319	es	es	ES
319	k	k	ES.SLANG
319	es	es	ES
319	x	x	ES.SLANG
319	la	la	ES
319	emoci√≥n	emoci√≥n	ES
319	.	.	OTHER
319	...	...	OTHER
319	jeje	jeje	OTHER
320	nepaye	nepaye	WIX
320	eriet+	eriet+	WIX
320	yeika	yeika	WIX
320	..	..	OTHER
320	kekuta	kekuta	WIX
320	aix+	aix+	ES
320	nanuieni	nanuieni	WIX
320	...	...	OTHER
320	chingao	chingao	ES.SLANG
321	Pare	Pare	WIX
321	wikweiyarie	wikweiyarie	WIX
321	primo	primo	ES
321	!	!	OTHER
322	Ayta	Ayta	ES.SLANG
322	...	...	OTHER
322	la	la	ES
322	pinta	pinta	ES
322	....	....	OTHER
322	aku	aku	WIX
323	Jajaja	Jajaja	OTHER
323	alli	alli	ES.SLANG
323	en	en	ES
323	tu	tu	ES
323	canton	canton	ES
323	..	..	OTHER
323	Puro	Puro	ES
323	aikutsita	aikutsita	WIX
323	tam+	tam+	WIX
323	...	...	OTHER
323	Nepatron	ne patron	WIX ES
324	Echiwa	Echiwa	WIX
324	tepan	te pan	WIX ES
324	chulewa	chulewa	?
324	....	....	OTHER
324	el	el	ES
324	k	k	ES.SLANG
324	kiere	kiere	ES.SLANG
324	..	..	OTHER
325	K	K	ES.SLANG
325	ante	ante	ES
325	peiteh+wa	peiteh+wa	OTHER
325	....	....	OTHER
325	s	s	ES.SLANG
325	puede	puede	ES
325	..	..	OTHER
325	cuetiado	cuetiado	ES.SLANG
325	..	..	OTHER
325	jejeje	jejeje	OTHER
326	Y@k+t+t+	Y@k+t+t+	WIX
326	primo	primo	ES
326	!	!	OTHER
326	Petiuta	Petiuta	WIX
326	kwewiyarieni	kwewiyarieni	WIX
326	...	...	OTHER
327	Tsiepa	Tsiepa	WIX
327	...	...	OTHER
327	alkavo	alkavo	ES.SLANG
327	.	.	OTHER
327	.	.	OTHER
327	.	.	OTHER
327	no	no	ES
327	vamos	vamos	ES
327	a	a	ES
327	tirar	tirar	ES
327	la	la	ES
327	carne	carne	ES
327	.	.	OTHER
327	.	.	OTHER
327	para	para	ES
327	vender	vender	ES
327	..	..	OTHER
327	Para	Para	ES
327	recuperar	recuperar	ES
327	...	...	OTHER
327	jajaja	jajaja	OTHER
328	Trabajando	Trabajando	ES
328	k	k	ES
328	namets+	namets+	WIX
329	para	para	ES
329	andar	andar	ES
329	d	d	ES.SLANG
329	jefes	jefes	ES
329	..	..	OTHER
329	d	d	ES.SLANG
329	ikwaik+	ikwaik+	WIX
329	jajaj	jajaj	OTHER
330	As√≠	As√≠	ES
330	es	es	ES
330	la	la	ES
330	cuichi	cuichi	WIX
330	mauch+	mauch+	WIX
330	la+ye	la+ye	WIX
331	M+k+t@t+	M+k+t@t+	WIX
331	yo	yo	ES
331	soy	soy	ES
331	el	el	ES
331	bueno	bueno	ES
331	..	..	OTHER
331	Kname	Kname	WIX
332	Kekuta	Kekuta	WIX
332	...	...	OTHER
332	pareces	pareces	ES
332	m√°s	m√°s	ES
332	jefe	jefe	ES
332	que	que	ES
332	tu	tu	ES
332	jefe	jefe	ES
332	.....	.....	OTHER
332	jajajaja	jajajaja	OTHER
333	WITSIURIE	WITSIURIE	WIX
333	..	..	OTHER
333	TEk+@	TEk+@	WIX
333	...	...	OTHER
333	iendo	iendo	ES.SLANG
333	a	a	ES
333	los	los	ES
333	mangos	mangos	ES
333	.	.	OTHER
334	Blanco	Blanco	ES
334	d	d	ES.SLANG
334	+wi	+wi	WIX
335	jeje	jeje	OTHER
335	..	..	OTHER
335	ese	ese	ES
335	k+kame	k+kame	WIX
335	y	y	ES
335	el	el	ES
335	bebe	bebe	ES
335	..	..	OTHER
335	saludasos	saludasos	ES.SLANG
335	puro	puro	ES
335	aikutsita	aikutsita	WIX
335	...	...	OTHER
335	jeje	jeje	OTHER
336	Kakananet+ts+	Kakananet+ts+	WIX
336	waniu	waniu	ES
336	kname	kname	WIX
336	..	..	OTHER
336	ese	ese	ES
336	zombi	zombi	ES
337	puro	puro	ES
337	barrio	barrio	ES
337	aikutsita	aikutsita	WIX
337	...	...	OTHER
337	tam+	tam+	WIX
338	es	es	ES
338	d	d	ES
338	san	san	NE.ES
338	waut+a	waut+a	NE.WIX
338	,	,	OTHER
338	como	como	ES
338	la	la	ES
338	vez	vez	ES
339	equipo	equipo	ES
339	,	,	OTHER
339	tsimanixi	tsimanixi	OTHER
339	jajajja	jajajja	OTHER
340	GRACIAS	GRACIAS	ES
340	por	por	ES
340	su	su	ES
340	INVITACI√ìN	INVITACI√ìN	ES
340	,	,	OTHER
340	all√≠	all√≠	ES
340	estaremos	estaremos	ES
340	por	por	ES
340	Nuestra	Nuestra	ES
340	Educaci√≥n	Educaci√≥n	ES
340	Intercultural	Intercultural	ES
340	Wixarika	Wixarika	NE.WIX
340	!!!	!!!	OTHER
340	Familia	Familia	ES
340	COBAEJ	COBAEJ	NE
340	!!!	!!!	OTHER
340	Pam+pariyutsi	Pam+pariyutsi	WIX
340	Waut+a	Waut+a	WIX
340	Kuruxi	Kuruxi	WIX
340	Manuwe	Manuwe	WIX
340	mat+a	mat+a	WIX
340	!!!	!!!	OTHER
341	saludos	saludos	ES
341	mucha	mucha	ES
341	suerte	suerte	ES
341	uka	uka	WIX
341	,,,	,,,	OTHER
341	esta	esta	ES
341	muy	muy	ES
341	guapa	guapa	ES
341	animo	animo	ES
342	Ne	Ne	WIX
342	talu	talu	WIX
342	muy	muy	ES
342	guapa	guapa	ES
342	yo	yo	ES
342	se	se	ES
342	que	que	ES
342	tu	tu	ES
342	puedes	puedes	ES
342	te	te	ES
342	deseo	deseo	ES
342	de	de	ES
342	lo	lo	ES
342	mejor	mejor	ES
342	.	.	OTHER
343	kekuta	kekuta	WIX
343	!	!	OTHER
343	tah+xie	tah+xie	WIX
343	tekauyehut+	tekauyehut+	WIX
343	jjj	jjj	OTHER
343	saludos	saludos	ES
343	amigo	amigo	ES
344	Pam+pariyutsi	Pam+pariyutsi	WIX
344	Waut+a	Waut+a	NE.WIX
344	Kuruxi	Kuruxi	WIX
344	Manuwe	Manuwe	NE.WIX
344	mat+a	mat+a	WIX
344	!!!	!!!	OTHER
344	De	De	ES
344	regreso	regreso	ES
344	con	con	ES
344	grandes	grandes	ES
344	RESPONSABILIDADES	RESPONSABILIDADES	ES
344	COMPARTIDAS	COMPARTIDAS	ES
344	.	.	OTHER
344	De	De	ES
344	madrugada	madrugada	ES
344	,	,	OTHER
344	d√≠a	d√≠a	ES
344	o	o	ES
344	noche	noche	ES
344	,	,	OTHER
344	al	al	ES
344	servicio	servicio	ES
344	de	de	ES
344	la	la	ES
344	Educaci√≥n	Educaci√≥n	ES
344	!!!	!!!	OTHER
344	Un	Un	ES
344	gran	gran	ES
344	VIERNES	VIERNES	ES
344	!!!	!!!	OTHER
344	FELIZ	FELIZ	ES
344	NOCHE	NOCHE	ES
344	!!!	!!!	OTHER
344	#CONABIO	#CONABIO	NE
344	Pam+pariyutsi	Pam+pariyutsi	WIX
344	Waut+a	Waut+a	NE.WIX
344	Kuruxi	Kuruxi	WIX
344	Manuwe	Manuwe	NE.WIX
344	mat+a	mat+a	WIX
344	!!!	!!!	OTHER
345	Puro	Puro	WIX
345	chivas	chivas	WIX
345	wa'at+	wa'at+	WIX
346	igualmente	igualmente	ES
346	Saludos	Saludos	ES
346	neiwa	neiwa	WIX
346	yusewi	yusewi	WIX
346	uki	uki	WIX
346	.	.	OTHER
346	.	.	OTHER
346	jeje	jeje	OTHER
347	Ai	Ai	ES.SLANG
347	Gracias	Gracias	ES
347	s√≠	s√≠	ES
347	Sui	Sui	?
347	uki	uki	WIX
347	yusewi	yusewi	WIX
347	akume	akume	WIX
347	neiwa	neiwa	WIX
347	ek+	ek+	WIX
347	tsiere	tsiere	WIX
347	me	me	ES
347	SSS	SSS	NE
347	saludos	saludos	ES
347	des	des	ES
347	de	de	ES
347	Sayulita	Sayulita	NE.ES
347	metomaron	metomaron	ES.SLANG
347	foto	foto	ES
347	se	se	ES
347	yama	yama	ES.SLANG
347	Pancha	Pancha	NE.ES
347	mam√°	mam√°	ES
347	los	los	ES
347	santuarios	santuarios	ES
347	Aki	Aki	ES.SLANG
347	Sayulita	Sayulita	NE.ES
347	es	es	ES
347	un	un	ES
347	Logar	Logar	ES
347	es	es	ES
347	pecial	pecial	ES
347	donde	donde	ES
347	tuman	tuman	ES.SLANG
347	foto	foto	ES
347	famoso	famoso	ES
347	Ami	Ami	ES.SLANG
347	metoco	metoco	ES.SLANG
347	Gracias	Gracias	ES
347	adi√≥s	adi√≥s	ES
347	Gracias	Gracias	ES
347	neiwa	neiwa	WIX
347	yusewi	yusewi	WIX
347	uka	uka	WIX
347	tausi	tausi	WIX
347	Gracias	Gracias	ES
347	amiga	amiga	ES
347	saludos	saludos	ES
347	cu√≠date	cu√≠date	ES
347	mucho	mucho	ES
347	√°nimo	√°nimo	ES
347	Aku	Aku	WIX
347	yusewi	yusewi	WIX
347	uka	uka	WIX
348	Karik+	Karik+	WIX
348	waat+u	waat+u	WIX
348	me	me	WIX
348	neamika	ne amika	WIX ES.SLANG
348	SSS	SSS	NE
348	saludos	saludos	ES
349	Sui	Sui	ES.SLANG
349	wixarika	wixarika	NE.WIX
349	arriba	arriba	ES
349	los	los	ES
349	Hern√°ndez	Hern√°ndez	NE.ES
349	akume	akume	WIX
349	neiwa	neiwa	WIX
349	puro	puro	ES
349	tateikie	tateikie	NE.WIX
350	Simplemente	Simplemente	ES
350	son	son	ES
350	mi	mi	ES
350	vida	vida	ES
350	,	,	OTHER
350	yuawi	yuawi	WIX
350	y	y	ES
350	Uxa	Uxa	WIX
351	As√≠	As√≠	ES
351	fue	fue	ES
351	como	como	ES
351	se	se	ES
351	fueron	fueron	ES
351	dando	dando	ES
351	las	las	ES
351	cosas	cosas	ES
351	!!	!!	OTHER
351	tam+Katiy+we	tam+Katiy+we	WIX
352	Ya	Ya	ES
352	katiy+weka	katiy+weka	WIX
352	yakatianeka	yakatianeka	WIX
352	primazo	primazo	ES
352	#Casualidades	#Casualidades	ES
353	My	My	EN
353	boy	boy	EN
353	'uxa	'uxa	WIX
354	Es	Es	ES
354	mi	mi	ES
354	ni√±o	ni√±o	ES
354	se	se	ES
354	llama	llama	ES
354	'uxa	'uxa	WIX
354	...	...	OTHER
355	Necu√±is	Ne cu√±is	WIX ES.SLANG
355	mik+	mik+	WIX
355	jeri	jeri	WIX
356	Saludos	Saludos	ES
356	sobrina	sobrina	ES
356	hasta	hasta	ES
356	waut+a	waut+a	NE.WIX
356	!	!	OTHER
356	!!	!!	OTHER
357	Okay	Okay	EN.SLANG
357	!	!	OTHER
357	Tam+Katiy+we	Tam+Katiy+we	WIX
357	.	.	OTHER
357	..	..	OTHER
358	Improvisando	Improvisando	ES
358	!	!	OTHER
358	!	!	OTHER
358	Tam+Katiy+we	Tam+Katiy+we	WIX
359	Y	Y	ES
359	ahora	ahora	ES
359	que	que	ES
359	te	te	ES
359	paso	paso	ES
359	neiwa	neiwa	WIX
359	.	.	OTHER
360	Kewa	Kewa	WIX
360	paut+a	paut+a	WIX
360	kamion	kamion	ES.SLANG
360	,	,	OTHER
361	Tam√º	Tam√º	WIX
361	ts√ºkipa	ts√ºkipa	NE.WIX
362	Hhaaaa	Hhaaaa	OTHER
362	temayk+	temayk+	WIX
362	saludos	saludos	ES
362	jeje	jeje	OTHER
363	Heeli	Heeli	NE
363	waniu	waniu	WIX
363	kapeixei	kapeixei	WIX
363	jejee	jejee	OTHER
363	igualudo	igualudo	ES
363	saludo	saludo	ES
363	.	.	OTHER
364	Eli	Eli	NE.ES
364	wani	wani	WIX
364	el	el	ES
364	uki	uki	WIX
365	Neixei	Neixei	WIX
365	el	el	ES
365	uki	uki	WIX
365	waniu	waniu	WIX
365	tsikaureyu	tsikaureyu	WIX
365	uukixuuu	uukixuuu	WIX
365	el	el	ES
365	teemai	teemai	WIX
365	jeje	jeje	OTHER
366	M+k+tat+	M+k+tat+	WIX
366	chencho	chencho	NE.ES
366	primo	primo	ES
367	Tam+	Tam+	WIX
367	hay	hay	ES
367	que	que	ES
367	ir	ir	ES
368	andale	andale	ES
368	vamos	vamos	ES
368	a	a	ES
368	tomar	tomar	ES
368	nawa	nawa	WIX
368	jeje	jeje	OTHER
369	JU	JU	OTHER
369	JUI	JUI	OTHER
369	...	...	OTHER
369	Yak+	Yak+	WIX
370	Kuaay	Kuaay	WIX
370	nejamikaaa		
371	Ek+ta	Ek+ta	WIX
371	tsiere	tsiere	WIX
371	guapa	guapa	ES
371	.	.	OTHER
372	Yasta	Yasta	ES.SLANG
372	aixutsu	aixutsu	WIX
373	Ayr+	Ayr+	WIX
373	yeme	yeme	WIX
373	neybama	neybama	WIX
373	Les	Les	ES
373	saluda	saluda	ES
373	su	su	ES
373	amigaso	amigaso	ES.SLANG
374	Orgullosa	Orgullosa	ES
374	de	de	ES
374	los	los	ES
374	grandes	grandes	ES
374	avances	avances	ES
374	.	.	OTHER
374	Waikamete	Waikamete	WIX
375	Kename	Kename	WIX
375	neamika		
375	jujuju	jujuju	OTHER
376	Oo	Oo	ES
376	k	k	ES.SLANG
376	bien	bien	ES
376	te	te	ES
376	vez	vez	ES
376	primo	primo	ES
376	.	.	OTHER
376	...	...	OTHER
376	Jeje	Jeje	OTHER
376	tkm	tkm	ES.SLANG
376	au	au	WIX
376	neplimo		
376	.	.	OTHER
376	..	..	OTHER
377	Quien	Quien	ES
377	esta	esta	ES
377	listo	listo	ES
377	para	para	ES
377	ma√±ana	ma√±ana	ES
377	,	,	OTHER
377	tete	tete	WIX
377	neiyu	neiyu	WIX
377	,	,	OTHER
377	aku	aku	WIX
378	lo	lo	ES
378	se	se	ES
378	k	k	ES.SLANG
378	no	no	ES
378	soy	soy	ES
378	yo	yo	ES
378	aku	aku	WIX
378	ek+	ek+	WIX
378	neplimo	ne plimo	WIX ES.SLANG
379	De	De	ES
379	neme	neme	WIX
379	aku	aku	WIX
380	wooo	wooo	OTHER
380	k	k	ES
380	bonito	bonito	ES
380	lugar	lugar	ES
380	me	me	ES
380	aku	aku	WIX
381	Ek+	Ek+	WIX
381	mat+a	mat+a	WIX
381	chi'ane	chi'ane	WIX
381	au	au	WIX
381	.	.	OTHER
381	de	de	ES
381	la	la	ES
381	rosa	rosa	ES
382	kewatari	kewatari	WIX
382	nejugo	ne jugo	WIX ES
383	Kepai	Kepai	WIX
383	nekaatsi	nekaatsi	WIX
383	xeiyawe	xeiyawe	WIX
384	a	a	WIX
384	h+	h+	WIX
384	wa'at+	wa'at+	NE.WIX
384	kepai	kepai	WIX
384	kwinimie	kwinimie	WIX
384	pereu	pereu	WIX
384	yewautse	yewautse	WIX
384	üòÇ	üòÇ	OTHER
384	üòÇ	üòÇ	OTHER
384	üòá	üòá	OTHER
384	yak+	yak+	WIX
384	ne	ne	WIX
384	paine	paine	WIX
384	au	au	WIX
385	USTEDES	USTEDES	ES
385	BIEN	BIEN	ES
385	HERMOSAS	HERMOSAS	ES
385	UKARIMEXIS	UKARIMEXIS	WIX
385	SALUDOS	SALUDOS	ES
385	:)	:)	OTHER
385	;)	;)	OTHER
386	Jeje	Jeje	OTHER
386	karik+	karik+	WIX
386	me	me	WIX
387	h+	h+	WIX
387	kepai	kepai	WIX
387	ek+	ek+	WIX
387	üòÇ	üòÇ	OTHER
388	Kepaits+	Kepaits+	WIX
388	nets+k+	nets+k+	WIX
388	wiyarie	wiyarie	WIX
388	yu'u	yu'u	WIX
388	mieme	mieme	WIX
388	casi	casi	OTHER
388	jeje	jeje	OTHER
389	a+m+	a+m+	WIX
389	yak+	yak+	WIX
389	peikaraine	peikaraine	WIX
389	,	,	OTHER
389	aix+ts+	aix+ts+	WIX
389	p+kahait+	p+kahait+	WIX
389	.	.	OTHER
389	au	au	WIX
389	üòÇ	üòÇ	OTHER
389	neputimarii	neputimarii	WIX
390	Tam+	Tam+	WIX
390	aix+	aix+	WIX
390	ts+	ts+	WIX
390	kamat+	kamat+	WIX
390	,	,	OTHER
390	nehamika	ne hamika	WIX ES.SLANG
391	üòé	üòé	OTHER
391	hawaik+	hawaik+	WIX
391	kuta	kuta	WIX
391	,	,	OTHER
391	hahah	hahah	OTHER
391	,	,	OTHER
391	aix+	aix+	WIX
391	ketineuerieka	ketineuerieka	WIX
391	ek+	ek+	WIX
391	neiwa	neiwa	WIX
391	üòÇ	üòÇ	OTHER
392	Nooooooo	Nooooooo	ES
392	kename	kename	WIX
392	rekainie	rekainie	WIX
392	jajaja	jajaja	OTHER
393	Invita	Invita	ES
393	uki	uki	WIX
394	K	K	ES.SLANG
394	te	te	ES
394	pasa	pasa	ES
394	aku	aku	WIX
394	ek+	ek+	WIX
394	nehamika	ne hamika	WIX ES.SLANG
395	kepaits+	kepaits+	WIX
396	Titat√°	Titat√°	WIX
397	yepehait+	yepehait+	WIX
397	kepai	kepai	WIX
397	,	,	OTHER
397	tam+	tam+	WIX
397	kaiwat+	kaiwat+	WIX
398	uka	uka	WIX
398	nena	nena	ES
399	Jeje	Jeje	OTHER
399	prima	prima	ES
399	eta	eta	ES.SLANG
399	bonito	bonito	ES
399	etiketamela	etiketamela	ES.SLANG
399	prima	prima	ES
400	M+tat+ri	M+tat+ri	WIX
400	a	a	ES
400	corona	corona	ES
400	listo	listo	ES
400	karema	karema	WIX
400	.	.	OTHER
400	Lo	Lo	ES
400	malo	malo	ES
400	que	que	ES
400	no	no	ES
400	voy	voy	ES
400	a	a	ES
400	ir	ir	ES
401	No	No	ES
401	me	me	ES
401	Etiquetas	Etiquetas	ES
401	tetsepari	tetsepari	WIX
402	No	No	ES
402	te	te	ES
402	pongas	pongas	ES
402	triste	triste	ES
402	amigo	amigo	ES
402	wuapo	wuapo	ES.SLANG
402	.	.	OTHER
402	üò®	üò®	OTHER
402	üò®	üò®	OTHER
402	üò®	üò®	OTHER
402	üç∫	üç∫	OTHER
402	üò®	üò®	OTHER
402	estas	estas	ES
402	lindo	lindo	ES
402	Aku	Aku	WIX
402	ek+	ek+	WIX
402	SSS	SSS	NE
403	Jeje	Jeje	OTHER
403	aku	aku	WIX
403	puyuri	puyuri	WIX
403	jeje	jeje	OTHER
403	Salu2	Salu2	ES.SLANG
404	Mm	Mm	OTHER
404	!	!	OTHER
404	puyuri	puyuri	WIX
404	:/	:/	OTHER
404	de	de	ES
404	ke	ke	ES.SLANG
404	?	?	OTHER
405	Jeje	Jeje	OTHER
405	d	d	ES.SLANG
405	pepanutini	pepanutini	WIX
405	jaja	jaja	OTHER
406	Kekuta	Kekuta	WIX
406	peit+arie	peit+arie	WIX
407	de	de	ES
407	ke	ke	ES.SLANG
407	oke	oke	ES.SLANG
407	?	?	OTHER
407	:/	:/	OTHER
408	Chipep+karakatuni	Chipep+karakatuni	WIX
409	Ah	Ah	ES
409	de	de	ES
409	casualidad	casualidad	ES
409	alguien	alguien	ES
409	k	k	ES.SLANG
409	me	me	ES
409	diga	diga	ES
409	ak	ak	ES.SLANG
409	oras	oras	ES.SLANG
409	son	son	ES
409	..??	..??	OTHER
409	üòÉüòÇ	üòÉüòÇ	OTHER
409	üòÇ	üòÇ	OTHER
409	neitefonotikuye	ne i tefono ti ku ye	WIX WIX ES.SLANG WIX WIX WIX
409	.	.	OTHER
409	üòÇ	üòÇ	OTHER
409	üòÇ	üòÇ	OTHER
409	üòÇ	üòÇ	OTHER
409	üòÇ	üòÇ	OTHER
410	neta	neta	ES
410	nekema	nekema	WIX
411	Siii	Siii	ES
411	,	,	OTHER
411	as√≠	as√≠	ES
411	es	es	ES
411	vamos	vamos	ES
411	a	a	ES
411	dar	dar	ES
411	ambiente	ambiente	ES
411	..	..	OTHER
411	Compa	Compa	ES
411	lenuki	lenuki	NE.WIX
412	Wuapo	Wuapo	ES.SLANG
412	uk+	uk+	WIX
412	saludos	saludos	ES
413	Esi	Esi	ES.SLANG
413	pasa	pasa	ES.SLANG
413	abeces	abeces	ES.SLANG
413	Uli	Uli	WIX
413	kieba	kieba	WIX
413	pepeyeyka	pepeyeyka	WIX
413	bb	bb	ES.SLANG
413	ena	ena	WIX
413	Kiewa	Kiewa	WIX
413	ena	ena	WIX
414	Te	Te	ES
414	Extra√ëoooo	Extra√ëoooo	ES
414	...	...	OTHER
414	utsi	utsi	WIX
414	...	...	OTHER
414	kepairy	kepairy	WIX
415	Petiuti	Petiuti	WIX
415	ekwaxuri	ekwaxuri	WIX
415	?	?	OTHER
415	Petiuti	Petiuti	WIX
415	hanui	hanui	WIX
415	??	??	OTHER
415	Jeje	Jeje	OTHER
415	Muy	Muy	ES
415	linda	linda	ES
415	como	como	ES
415	siempre	siempre	ES
416	neukatihuwawe	neukatihuwawe	WIX
416	jejeje	jejeje	OTHER
417	Video	Video	ES
417	oficial	oficial	ES
417	de	de	ES
417	Eres	Eres	ES
417	tu	tu	ES
417	(	(	OTHER
417	'Ek+ts+	'Ek+ts+	WIX
417	peh+k+	peh+k+	WIX
417	)	)	OTHER
417	.	.	OTHER
417	.	.	OTHER
417	Pasion	Pasion	NE.ES
417	Huichol	Huichol	NE.ES
417	..	..	OTHER
418	en+tsi	en+tsi	WIX
418	peh+k+	peh+k+	WIX
418	pues	pues	ES
418	Ôªø	Ôªø	OTHER
419	me	me	ES
419	puede	puede	ES
419	subir	subir	ES
419	la	la	ES
419	letra	letra	ES
419	en	en	ES
419	wixarika	wixarika	NE.WIX
419	,	,	OTHER
419	xim+ri	xim+ri	WIX
419	?	?	OTHER
419	pamparios	pamparios	WIX
419	.	.	OTHER
419	atte	atte	ES
419	SSS	SSS	NE
420	PASION	PASION	NE.ES
420	HUICHOL	HUICHOL	NE.ES
420	'EK+TS+	'EK+TS+	WIX
420	PEH+K+TS+	PEH+K+TS+	WIX
420	Y	Y	ES
420	'AWIET+MEK+	'AWIET+MEK+	WIX
420	'AK+	'AK+	WIX
420	NE'IYARI	NE'IYARI	WIX
421	El	El	ES
421	Nawa	Nawa	WIX
422	Cumbia	Cumbia	ES
422	Napapauny	Napapauny	WIX
422	Huichol	Huichol	NE.ES
422	Musical	Musical	NE.ES
422	2011	2011	OTHER
423	Ma√±anitas	Ma√±anitas	ES
423	eske	eske	ES.SLANG
423	neukamatekai	neukamatekai	WIX
424	Excelente	Excelente	ES
424	cancion	cancion	ES
424	y	y	ES
424	ritmo	ritmo	ES
424	.	.	OTHER
424	Pampadios	Pampadios	WIX
424	!	!	OTHER
425	Cumbia	Cumbia	ES
425	Maka	Maka	WIX
425	Jini	Jini	OTHER
426	Animo	Animo	ES
426	k+itsi	k+itsi	WIX
426	ay	ay	ES.SLANG
426	la	la	ES
426	llevas	llevas	ES
426	...	...	OTHER
426	Tu	Tu	ES
426	puedes	puedes	ES
426	ya	ya	ES
426	estas	estas	ES
426	mejorando	mejorando	ES
426	tu	tu	ES
426	salud	salud	ES
426	!!	!!	OTHER
426	Ôªø	Ôªø	OTHER
427	ket++	ket++	WIX
427	aix+	aix+	WIX
427	katiux+ka	katiux+ka	WIX
427	aca	aca	ES
427	chimuakai	chimuakai	WIX
427	matawitsie	matawitsie	WIX
427	,	,	OTHER
427	extra√±o	extra√±o	ES
427	a	a	ES
427	guanato	guanato	ES
427	pronto	pronto	ES
427	aya	aya	ES.SLANG
427	nos	nos	ES
427	vemos	vemos	ES
427	amiga	amiga	ES
427	hermosa	hermosa	ES
427	aku	aku	WIX
427	,	,	OTHER
427	Mary	Mary	NE.ES
427	Bonilla	Bonilla	NE.ES
427	Garcia	Garcia	NE.ES
427	YA	YA	ES
427	sabes	sabes	ES
427	el	el	ES
427	15	15	OTHER
427	tam+	tam+	WIX
427	,	,	OTHER
427	ya	ya	ES
427	me	me	ES
427	voy	voy	ES
427	pa	pa	ES.SLANG
427	SAN	SAN	ES
427	PUTAZOOO	PUTAZOOO	ES.SLANG
427	,	,	OTHER
427	HIK+m+t+ka	HIK+m+t+ka	WIX
427	nepeu	nepeu	WIX
427	ewimie	ewimie	WIX
427	,	,	WIX
427	kauxaitsii	kauxaitsii	WIX
427	neu	neu	WIX
427	wareu	wareu	WIX
427	arimie	arimie	WIX
427	jaja	jaja	OTHER
427	muchas	muchas	ES
427	gracias	gracias	ES
427	amigos	amigos	ES
427	x	x	ES.SLANG
427	compartir	compartir	ES
427	con	con	ES
427	migo	migo	ES
427	,	,	OTHER
427	les	les	ES
427	deseo	deseo	ES
427	feliz	feliz	ES
427	d	d	ES.SLANG
427	vacacion	vacacion	ES
427	,	,	OTHER
427	witarita	witarita	WIX
427	temati	temati	WIX
427	ewiwatsie	ewiwatsie	WIX
427	,	,	OTHER
427	hoy	hoy	ES
427	tan	tan	ES
427	especial	especial	ES
427	para	para	ES
427	mi	mi	ES
427	,	,	OTHER
427	LES	LES	ES
427	especial	especial	ES
427	para	para	ES
427	mi	mi	ES
427	,	,	OTHER
427	LES	LES	ES
427	debo	debo	ES
427	unos	unos	ES
427	chicles	chicles	ES
427	,	,	OTHER
428	le	le	ES
428	dicen	dicen	ES
428	la	la	ES
428	rompe	rompe	ES
428	corazones	corazones	ES
428	üíîjaja	üíîjaja	ES
428	yak+	yak+	WIX
428	tam+ts+	tam+ts+	WIX
428	kename	kename	WIX
428	au	au	WIX
428	pa+	pa+	WIX
428	i	i	WIX
428	üòÅü§£ü§£ü§£üòÇ	üòÅü§£ü§£ü§£üòÇ	OTHER
428	üòÇ	üòÇ	OTHER
428	üòÇ	üòÇ	OTHER
428	üòÇ	üòÇ	OTHER
428	üòÖ	üòÖ	OTHER
428	ando	ando	ES
428	bien	bien	ES
428	travieza	travieza	ES
428	üòÅüôÉ	üòÅüôÉ	OTHER
429	JAJAJA	JAJAJA	OTHER
429	MATSITS+	MATSITS+	WIX
429	TARAKiii	TARAKiii	WIX
429	,	,	OTHER
429	sino	sino	ES
429	kER+KAXI	kER+KAXI	WIX
429	,	,	OTHER
429	AKU	AKU	WIX
430	As√≠	As√≠	ES
430	se	se	ES
430	escucha	escucha	ES
430	a	a	ES
430	lo	lo	ES
430	Chirriness	Chirriness	ES.SLANG
430	en	en	ES
430	La	La	ES
430	Sierra	Sierra	ES
430	!	!	ES
430	#ACelebrarQueMas	#ACelebrarQueMas	ES
430	;)	;)	OTHER
430	Tam+	Tam+	WIX
430	tekata'iwax+Tayunait+	tekata'iwax+Tayunait+	WIX
430	!	!	OTHER
430	#JalandoLosChirriness	#JalandoLosChirriness	ES
430	;)	;)	OTHER
430	#MuyAlegres	#MuyAlegres	ES
431	Hakewa	Hakewa	WIX
431	kutaa	kutaa	WIX
431	maryy	maryy	NE.ES
432	Estoy	Estoy	ES
432	tam+aburrio	tam+ aburrido	WIX ES
432	de	de	ES
432	estar	estar	ES
432	en	en	ES
432	casa	casa	ES
432	kiero	kiero	ES.SLANG
432	travagar	travagar	ES.SLANG
432	wn	wn	ES.SLANG
432	cualker	cualker	ES.SLANG
432	cosita	cosita	ES
432	meavisan	meavisan	ES.SLANG
433	Para	Para	ES
433	un	un	ES
433	persona	persona	ES
433	muy	muy	ES
433	especial	especial	ES
433	.	.	OTHER
433	tam+	tam+	WIX
433	xeik+a	xeik+a	WIX
433	ne	ne	WIX
433	okis	ok is	EN ES
433	saludos	saludos	ES
434	Hombre	Hombre	ES
434	,	,	OTHER
434	trabajador	trabajador	ES
434	ya	ya	ES
434	ke	ke	ES.SLANG
434	nepanukumakix+	nepanukumakix+	WIX
434	..	..	OTHER
434	uki	uki	WIX
434	tam+	tam+	WIX
435	y	y	ES
435	es	es	ES
435	cuando	cuando	ES
435	empiezo	empiezo	ES
435	a	a	ES
435	extra√±arte	extra√±arte	ES
435	...	...	OTHER
435	tam+	tam+	WIX
435	pauxeik+a	pauxeik+a	WIX
435	...	...	OTHER
436	Cada	Cada	ES
436	momento	momento	ES
436	es	es	ES
436	√∫nico	√∫nico	ES
436	a	a	ES
436	tu	tu	ES
436	lado	lado	ES
436	SIEMPRE	SIEMPRE	ES
436	TAM+	TAM+	WIX
437	Felicidades	Felicidades	ES
437	!!!	!!!	OTHER
437	Ne'iwa	Ne'iwa	ES
437	Xitakame	Xitakame	NE.WIX
437	!!!	!!!	OTHER
437	Pam+pariyutsi	Pam+pariyutsi	WIX
437	Waut+a	Waut+a	WIX
437	Kuruxi	Kuruxi	WIX
437	Manuwe	Manuwe	WIX
437	mat+a	mat+a	WIX
437	!!!	!!!	OTHER
438	Sabe	Sabe	ES
438	que	que	ES
438	esta	esta	ES
438	aula	aula	ES
438	del	del	ES
438	SABER	SABER	ES
438	SER	SER	ES
438	es	es	ES
438	un	un	ES
438	excelente	excelente	ES
438	espacio	espacio	ES
438	educativo	educativo	ES
438	!!!	!!!	OTHER
438	Pam+pariyutsi	Pam+pariyutsi	WIX
438	Waut+a	Waut+a	NE.WIX
438	Kuruxi	Kuruxi	WIX
438	Manuwe	Manuwe	WIX
438	mat+a	mat+a	WIX
438	!!!	!!!	OTHER
439	L@s	L@s	ES.SLANG
439	invito	invito	ES
439	a	a	ES
439	ser	ser	ES
439	feliz	feliz	ES
439	kenamets+	kenamets+	WIX
439	au	au	WIX
439	...	...	OTHER
440	Tame	Tame	WIX
440	wanuka	wanuka	WIX
440	kename	kename	WIX
440	aki	aki	WIX
440	sabe	sabe	ES
440	kewa	kewa	WIX
440	jeje	jeje	OTHER
441	Wuai	Wuai	WIX
441	....	....	OTHER
441	sabe	sabe	ES
441	kewa	kewa	WIX
441	xenu	xenu	WIX
442	Muy	Muy	ES
442	bien	bien	ES
442	ustedes	ustedes	ES
442	chulas	chulas	ES
442	ce	ce	ES.SLANG
442	me	me	ES
442	cuidan	cuidan	ES
442	no	no	ES
442	me	me	ES
442	las	las	ES
442	vayan	vayan	ES
442	a	a	ES
442	rovar	rovar	ES.SLANG
442	ay	ay	ES.SLANG
442	mucho	mucho	ES
442	karacuni	karacuni	WIX
443	Jajaja	Jajaja	OTHER
443	hu	hu	WIX
443	me	me	WIX
443	ai	ai	WIX
443	muchos	muchos	ES
443	kayunis	ka yu ni s	WIX WIX WIX ES
444	INVITEN	INVITEN	ES
444	TSEPA	TSEPA	WIX
444	KEWA	KEWA	WIX
444	JEJE	JEJE	OTHER
445	K+m+tsi	K+m+tsi	WIX
445	aku	aku	WIX
445	SSS	SSS	NE
446	Saludos	Saludos	ES
446	Ukari'i	Ukari'i	WIX
446	<3	<3	OTHER
446	:)	:)	OTHER
446	FELIZ	FELIZ	ES
446	DIA	DIA	ES
446	DE	DE	ES
446	LA	LA	ES
446	MUJER	MUJER	ES
447	Ukari	Ukari	WIX
447	ukitsi	ukitsi	WIX
447	preparen	preparen	ES
447	sus	sus	ES
447	equipos	equipos	ES
447	,	,	OTHER
447	los	los	ES
447	que	que	ES
447	viven	viven	ES
447	en	en	ES
447	guadajara	guadajara	NE.ES
447	,	,	OTHER
447	igual	igual	ES
447	es	es	ES
447	en	en	ES
447	p√∫blico	p√∫blico	ES
447	la	la	ES
447	invitaci√≥n	invitaci√≥n	ES
447	,	,	OTHER
447	los	los	ES
447	que	que	ES
447	gusten	gusten	ES
447	venir	venir	ES
447	en	en	ES
447	este	este	ES
447	evento	evento	ES
447	,	,	OTHER
447	invitados	invitados	ES
447	seran	seran	ES
447	bien	bien	ES
447	venidos	venidos	ES
447	,	,	OTHER
448	"	"	OTHER
448	Desde	Desde	ES
448	la	la	ES
448	mitolog√≠a	mitolog√≠a	ES
448	wix√°rika	wix√°rika	NE.WIX
448	nosotros	nosotros	ES
448	ukari	ukari	WIX
448	(	(	OTHER
448	las	las	ES
448	mujeres	mujeres	ES
448	)	)	OTHER
448	hemos	hemos	ES
448	sido	sido	ES
448	representadas	representadas	ES
448	por	por	ES
448	diosas	diosas	ES
448	como	como	ES
448	tatei	tatei	WIX
448	haramara	haramara	NE.WIX
448	nuestra	nuestra	ES
448	madre	madre	ES
448	agua	agua	ES
448	,	,	OTHER
448	tatei	tatei	WIX
448	niwetsika	niwetsika	NE.WIX
448	nuestra	nuestra	ES
448	madre	madre	ES
448	ma√≠z	ma√≠z	ES
448	,	,	OTHER
448	tatei	tatei	WIX
448	y+rameka	y+rameka	NE.WIX
448	nuestra	nuestra	ES
448	madre	madre	ES
448	reto√±o	reto√±o	ES
448	,	,	OTHER
448	entre	entre	ES
448	otras	otras	ES
448	m√°s	m√°s	ES
448	,	,	OTHER
448	es	es	ES
448	por	por	ES
448	ello	ello	ES
448	que	que	ES
448	somos	somos	ES
448	consideradas	consideradas	ES
448	como	como	ES
448	mujere1s	mujere1s	ES
448	llenas	llenas	ES
448	de	de	ES
448	sabidur√≠a	sabidur√≠a	ES
448	,	,	OTHER
448	llenas	llenas	ES
448	de	de	ES
448	fertilidad	fertilidad	ES
448	y	y	ES
448	bienestar	bienestar	ES
448	".	".	OTHER
448	Xauryma	Xauryma	NE.WIX
448	.	.	OTHER
449	As√≠	As√≠	ES
449	kmo	kmo	ES.SLANG
449	las	las	ES
449	nuestras	nuestras	ES
449	aku	aku	WIX
449	meukari	meukari	WIX
449	...	...	OTHER
450	Hik+ta	Hik+ta	WIX
450	Tukaritsie	Tukaritsie	WIX
450	UKARI	UKARI	WIX
450	!	!	OTHER
451	Es	Es	ES
451	un	un	ES
451	HONOR	HONOR	ES
451	.	.	OTHER
451	.	.	ES
451	mi	mi	ES
451	estar	estar	ES
451	junta	junta	ES
451	a	a	ES
451	tan	tan	ES
451	bellas	bellas	ES
451	y	y	ES
451	trabajadoras	trabajadoras	ES
451	Mujeres	Mujeres	ES
451	de	de	ES
451	Mi	Mi	ES
451	Estado	Estado	ES
451	.	.	OTHER
451	Conoce	Conoce	ES
451	un	un	ES
451	poco	poco	ES
451	m√°s	m√°s	ES
451	de	de	ES
451	ellas	ellas	ES
451	,	,	OTHER
451	sobre	sobre	ES
451	su	su	ES
451	esfuerzo	esfuerzo	ES
451	para	para	ES
451	visibilizar	visibilizar	ES
451	los	los	ES
451	derechos	derechos	ES
451	de	de	ES
451	las	las	ES
451	Mujeres	Mujeres	ES
451	.	.	OTHER
451	TUKARIMA	TUKARIMA	WIX
452	ala	ala	ES.SLANG
452	tsiuka	tsiuka	WIX
452	pekanetinake	pekanetinake	WIX
453	Saludos	Saludos	ES
453	ukari	ukari	WIX
453	hermosa	hermosa	ES
453	bonitas	bonitas	ES
453	tateikie	tateikie	NE.WIX
453	tari	tari	WIX
453	neiwama	neiwama	WIX
454	Hay	Hay	ES
454	que	que	ES
454	hacer	hacer	ES
454	equipo	equipo	ES
454	de	de	ES
454	Voly	Voly	ES.SLANG
454	.	.	OTHER
454	..,	..,	OTHER
454	aku	aku	WIX
454	ukari	ukari	WIX
454	.	.	OTHER
454	.,	.,	OTHER
454	kexehait+ka	kexehait+ka	WIX
454	.	.	OTHER
454	.	.	OTHER
455	Va	Va	ES
455	a	a	ES
455	ver	ver	ES
455	voly	voly	ES.SLANG
455	?	?	OTHER
455	Para	Para	ES
455	llevar	llevar	ES
455	mi	mi	ES
455	equipo	equipo	ES
455	de	de	ES
455	Waut+a	Waut+a	NE.WIX
456	Xua	Xua	WIX
456	ui	ui	WIX
456	ukari	ukari	WIX
456	aguapa	a guapa	WIX ES
456	tari	tari	WIX
456	.	.	OTHER
456	imagen	imagen	ES
456	de	de	ES
456	hace	hace	ES
456	unos	unos	ES
456	a√±itos	a√±itos	ES
456	.	.	OTHER
456	..	..	OTHER
457	Kuxi	Kuxi	WIX
457	waika	waika	WIX
457	temauye	temauye	WIX
457	wetse	wetse	WIX
457	.	.	OTHER
457	..	..	OTHER
457	#Awapatari	#Awapatari	WIX
457	Aku	Aku	WIX
457	prima	prima	ES
457	Placida	Placida	NE.ES
457	mumawe	mumawe	WIX
458	En	En	ES
458	las	las	ES
458	fiestas	fiestas	ES
458	del	del	ES
458	tambor	tambor	ES
458	.	.	OTHER
458	..	..	OTHER
458	Es	Es	ES
458	cuando	cuando	ES
458	nos	nos	ES
458	juntamos	juntamos	ES
458	casi	casi	ES
458	todas	todas	ES
458	akuu	akuu	WIX
458	Pero	Pero	ES
458	nos	nos	ES
458	ponemos	ponemos	ES
458	de	de	ES
458	acuerdo	acuerdo	ES
458	sale	sale	ES
459	pues	pues	ES
459	a	a	ES
459	ir	ir	ES
459	a	a	ES
459	la	la	ES
459	porra	porra	ES
459	,	,	ES
459	para	para	ES
459	que	que	ES
459	hagan	hagan	ES
459	sus	sus	ES
459	equipos	equipos	ES
459	'Ukari	'Ukari	WIX
459	iwamarixi	iwamarixi	WIX
460	Aku	Aku	WIX
460	ukari	ukari	WIX
460	,	,	OTHER
460	Ke	Ke	WIX
460	peuka	peuka	WIX
460	ne	ne	WIX
460	va	va	WIX
460	ixuarimie	ixuarimie	WIX
460	,	,	OTHER
460	en	en	ES
460	la	la	ES
460	UAN	UAN	NE
460	,	,	OTHER
460	me	me	WIX
460	temari	temari	WIX
460	.	.	OTHER
461	Q	Q	ES.SLANG
461	mala	mala	ES
461	onda	onda	ES
461	...	...	OTHER
461	C	C	ES.SLANG
461	me	me	ES
461	perdio	perdio	ES
461	mi	mi	ES
461	cel	cel	ES.SLANG
461	todos	todos	ES
461	mis	mis	ES
461	compas	compas	ES.SLANG
461	les	les	ES
461	pido	pido	ES
461	me	me	ES
461	manden	manden	ES
461	su	su	ES
461	numero	numero	ES
461	x	x	ES.SLANG
461	mensaje	mensaje	ES
461	del	del	ES
461	face	face	NE
461	...	...	OTHER
461	para	para	ES
461	yo	yo	ES
461	agregarlos	agregarlos	ES
461	,	,	OTHER
461	ukari	ukari	WIX
461	.	.	OTHER
461	Pa+na	Pa+na	WIX
461	au	au	WIX
461	:)	:)	OTHER
462	Hola	Hola	ES
462	guenos	guenos	ES.SLANG
462	tardes	tardes	ES
462	amigas	amigas	ES
462	como	como	ES
462	est√°n	est√°n	ES
462	atodas	atodas	ES.SLANG
462	yo	yo	ES
462	lla	lla	ES.SLANG
462	me	me	ES
462	esta	esta	ES
462	matando	matando	ES
462	la	la	ES
462	gripe√±a	gripe√±a	ES.SLANG
462	jejejeje	jejejeje	OTHER
462	pero	pero	ES
462	lo	lo	ES
462	gueno	gueno	ES.SLANG
462	sigo	sigo	ES
462	viviendo	viviendo	ES
462	saludos	saludos	ES
462	para	para	ES
462	ne	ne	WIX
462	iwama	iwama	WIX
462	wixaritari	wixaritari	WIX
462	ukari	ukari	WIX
462	yunait+	yunait+	WIX
463	METZERI	METZERI	WIX
463	NE	NE	WIX
463	UKARI	UKARI	WIX
463	...	...	OTHER
463	LUNA	LUNA	ES
463	DE	DE	ES
463	MI	MI	ES
463	VIDA	VIDA	ES
463	...	...	OTHER
463	APRENDIENDO	APRENDIENDO	ES
463	WIRRARIK	WIRRARIK	NE.WIX
463	:)	:)	OTHER
464	Es	Es	ES
464	coraje	coraje	ES
464	,	,	ES
464	actitud	actitud	ES
464	y	y	ES
464	Valent√≠a	Valent√≠a	ES
464	para	para	ES
464	enfrentar	enfrentar	ES
464	los	los	ES
464	problemas	problemas	ES
464	y	y	ES
464	salir	salir	ES
464	adelante	adelante	ES
464	!!!	!!!	OTHER
464	#DiaDeLaMujer	#DiaDeLaMujer	OTHER
464	TA	TA	WIX
464	TUKARITSIE	TUKARITSIE	WIX
464	.	.	OTHER
464	TA	TA	WIX
464	NAIT+	NAIT+	WIX
464	TEUYUPAREWIET+	TEUYUPAREWIET+	WIX
464	UKITSI	UKITSI	WIX
464	UKARI	UKARI	WIX
464	TEMUYEH+NIK+	TEMUYEH+NIK+	WIX
464	'AIXU	'AIXU	WIX
464	'IYARI	'IYARI	WIX
464	!	!	OTHER
464	I	I	OTHER
464	!!!	!!!	OTHER
465	Aixia	Aixia	WIX
465	pepuraka'iyuniwani	pepuraka'iyuniwani	WIX
465	hik+	hik+	WIX
465	a	a	WIX
465	tukaritsie	tukaritsie	WIX
465	..	..	OTHER
465	Que	Que	ES
465	la	la	ES
465	pases	pases	ES
465	excelente	excelente	ES
465	en	en	ES
465	compa√±ia	compa√±ia	ES
465	de	de	ES
465	tu	tu	ES
465	familia	familia	ES
465	y	y	ES
465	amigos	amigos	ES
465	..	..	OTHER
465	Felicidades	Felicidades	ES
465	..	..	OTHER
466	Los	Los	ES
466	compromisos	compromisos	ES
466	terrenales	terrenales	ES
466	se	se	ES
466	han	han	ES
466	cumplido	cumplido	ES
466	ya	ya	ES
466	en	en	ES
466	esta	esta	ES
466	semana	semana	ES
466	,	,	OTHER
466	vamos	vamos	ES
466	ahora	ahora	ES
466	a	a	ES
466	cumplir	cumplir	ES
466	con	con	ES
466	los	los	ES
466	compromisos	compromisos	ES
466	espirituales	espirituales	ES
466	.	.	OTHER
466	Buruato	Buruato	?
466	.	.	OTHER
466	SAMAO	SAMAO	?
466	.	.	OTHER
466	Nep+xe'inie	Nep+xe'inie	WIX
466	'iwamarixi	'iwamarixi	WIX
466	...	...	OTHER
466	K+m+ri	K+m+ri	WIX
466	nekie	nekie	WIX
466	...	...	OTHER
466	Buruato	Buruato	?
466	rekutewakaku	rekutewakaku	WIX
466	.	.	OTHER
466	'Echiwa	'Echiwa	OTHER
466	nawa	nawa	OTHER
466	tepu'iyu	tepu'iyu	OTHER
466	.	.	OTHER
466	Tep+tekuxarike	Tep+tekuxarike	OTHER
466	.	.	OTHER
467	Ne'iwama	Ne'iwama	WIX
467	wix√†ritari	wix√†ritari	WIX
467	nep+xe'inie	nep+xe'inie	WIX
467	,	,	OTHER
467	kam+ts+	kam+ts+	WIX
467	,	,	OTHER
467	xenakater+wani	xenakater+wani	WIX
467	'ik+	'ik+	WIX
467	convocatoria	convocatoria	ES
467	.	.	OTHER
468	KE'AKU	KE'AKU	WIX
468	YUNAIT+	YUNAIT+	WIX
468	'IWAMARIXI	'IWAMARIXI	WIX
468	XEMUYEHANE	XEMUYEHANE	WIX
468	...	...	OTHER
468	Muy	Muy	ES
468	buenas	buenas	ES
468	tardes	tardes	ES
468	estimados	estimados	ES
468	amigos	amigos	ES
468	y	y	ES
468	amigas	amigas	ES
468	.	.	OTHER
469	Saludos	Saludos	ES
469	iwamarixi	iwamarixi	WIX
470	Feliz	Feliz	ES
470	Navidad	Navidad	ES
470	"	"	OTHER
470	'iwamarixi	'iwamarixi	WIX
470	"	"	OTHER
470	amigos	amigos	ES
470	y	y	OTHER
470	amigas	amigas	ES
470	,	,	OTHER
470	les	les	ES
470	deseamos	deseamos	ES
470	una	una	ES
470	noche	noche	ES
470	buena	buena	ES
470	lleno	lleno	ES
470	de	de	ES
470	bendiciones	bendiciones	ES
470	y	y	ES
470	alegr√≠a	alegr√≠a	ES
470	.	.	OTHER
471	Taller	Taller	ES
471	de	de	ES
471	artesania	artesania	ES
471	Wixarika	Wixarika	NE.WIX
471	.	.	OTHER
471	Te	Te	ES
471	esperamos	esperamos	ES
471	.	.	OTHER
471	¬°	¬°	OTHER
471	¬°¬°	¬°¬°	OTHER
471	PAMPARIYUTSI	PAMPARIYUTSI	WIX
471	¬°¬°¬°¬°	¬°¬°¬°¬°	OTHER
472	Desayuno	Desayuno	ES
472	antes	antes	ES
472	de	de	ES
472	partir	partir	ES
472	a	a	ES
472	#GuadalupeOcot√°n	#GuadalupeOcot√°n	NE.ES
472	.	.	OTHER
472	Pampariyutsi	Pampariyutsi	WIX
473	a	a	ES
473	nuestros	nuestros	ES
473	amigos	amigos	ES
473	licenciados	licenciados	ES
473	de	de	ES
473	Cultura	Cultura	ES
473	,	,	OTHER
473	en	en	ES
473	fin	fin	ES
473	,	,	OTHER
473	pampariyutsi	pampariyutsi	WIX
473	xeyunaiti	xeyunaiti	WIX
473	Brasil	Brasil	ES
473	kiekatari	kiekatari	WIX
473	!	!	OTHER
474	PAMPARIYUTSI	PAMPARIYUTSI	WIX
474	YUNAIT+	YUNAIT+	WIX
474	.	.	OTHER
474	Gracias	Gracias	ES
474	a	a	ES
474	todos	todos	ES
474	los	los	ES
474	donantes	donantes	ES
474	y	y	ES
474	colaboradores	colaboradores	ES
474	.	.	OTHER
475	Hola	Hola	ES
475	!	!	OTHER
475	Yuawi	Yuawi	WIX
475	kewa	kewa	WIX
475	pe'peyeika	pe'peyeika	WIX
475	!!!	!!!	OTHER
475	Saludos	Saludos	ES
475	...	...	OTHER
475	Jose	Jose	NE.ES
475	!!!	!!!	OTHER
475	Felicidades	Felicidades	ES
475	por	por	ES
475	sus	sus	ES
475	exitos	exitos	ES
475	!	!	OTHER
475	Por	Por	ES
475	aca	aca	ES.SLANG
475	los	los	ES
475	esperamos	esperamos	ES
475	en	en	ES
475	tepic	tepic	NE.ES
475	nayarit	nayarit	NE.ES
475	!!!	!!!	OTHER
476	Buens	Buens	ES.SLANG
476	ncupari	ncupari	WIX.SLANG
477	que	que	ES
477	hay	hay	ES
477	nekupai	nekupai	WIX
477	?	?	OTHER
478	Eso	Eso	ES
478	es	es	ES
478	todo	todo	ES
478	.....	.....	OTHER
478	netaru	netaru	WIX
478	..	..	OTHER
478	.	.	OTHER
478	..	..	OTHER
478	por	por	ES
478	las	las	ES
478	palabras	palabras	ES
478	.	.	OTHER
478	....	....	OTHER
479	...	...	OTHER
479	'+xatsikayari	'+xatsikayari	WIX
479	...	...	OTHER
479	Me	Me	ES
479	imagino	imagino	ES
479	no	no	ES
479	??...	??...	OTHER
479	Es	Es	ES
479	una	una	ES
479	bonita	bonita	ES
479	historia	historia	ES
479	....	....	OTHER
480	Aixi	Aixi	WIX
480	tsi	tsi	WIX
480	ni	ni	WIX
480	aneni	aneni	WIX
480	tame	tame	WIX
480	ik+	ik+	WIX
480	temari	temari	WIX
480	ixatsika	ixatsika	WIX
480	te	te	WIX
480	uye	uye	WIX
480	maika	maika	WIX
480	Regalenme	Regalenme	ES
480	uno	uno	ES
480	plisss	plisss	EN.SLANG
480	O	O	ES
480	vendenmelo	vendenmelo	ES
481	P+kawiyer+me	P+kawiyer+me	WIX
481	.	.	OTHER
481	Xene'+wiyat+	Xene'+wiyat+	WIX
481	.	.	OTHER
481	Una	Una	ES
481	vista	vista	ES
481	de	de	ES
481	la	la	ES
481	tormenta	tormenta	ES
481	sobre	sobre	ES
481	Tepic	Tepic	NE.ES
481	.	.	OTHER
482	Ese	Ese	ES
482	Panchis	Panchis	NE.ES
482	m+pa+xeik+a	m+pa+xeik+a	WIX
483	Sale	Sale	ES
483	ma√±ana	ma√±ana	ES
483	necupari	necupari	WIX
484	enserio	enserio	ES.SLANG
484	nomedejes	nomedejes	ES.SLANG
484	aku	aku	WIX
485	PAMPARIYUTSI	PAMPARIYUTSI	WIX
485	.	.	OTHER
485	Muchas	Muchas	ES
485	gracias	gracias	ES
485	por	por	ES
485	seguir	seguir	ES
485	y	y	ES
485	compartir	compartir	ES
486	Neuka	Neuka	WIX
486	vente	vente	ES
486	paka	paka	ES.SLANG
486	....	....	OTHER
486	vamos	vamos	ES
486	el	el	ES
486	naile	naile	ES.SLANG
486	uxaaa	uxaaa	WIX
487	Un	Un	ES
487	gran	gran	ES
487	recuerdo	recuerdo	ES
487	con	con	ES
487	nuestra	nuestra	ES
487	abuelita	abuelita	ES
487	.	.	OTHER
487	Siempre	Siempre	ES
487	en	en	ES
487	nuestros	nuestros	ES
487	corazones	corazones	ES
487	.	.	OTHER
487	Xarikixa	Xarikixa	WIX
487	mieme	mieme	WIX
487	.	.	OTHER
487	Waukawa	Waukawa	WIX
487	nemetsi'iyata	nemetsi'iyata	WIX
487	neteukari	neteukari	WIX
487	.	.	OTHER
488	Necepillo	Ne cepillo	WIX ES
488	Ne	Ne	WIX
488	meuyeh+a	meuyeh+a	WIX
489	Tsepari	Tsepari	WIX
489	colgate	colgate	ES
489	xeik+	xeik+	WIX
489	ne	ne	WIX
489	para	para	ES
489	kuanii	kuanii	WIX
489	...	...	OTHER
489	jajjaja	jajjaja	OTHER
490	K	K	ES.SLANG
490	linds	linds	ES.SLANG
490	son	son	ES
490	las	las	ES
490	ukaris	uka ri s	WIX WIX ES
490	de	de	ES
490	ZokipAn	ZokipAn	NE.WIX
490	jee	jee	OTHER
491	Yakututu	Yakututu	WIX
491	nie	nie	WIX
491	ta	ta	WIX
491	waiku	waiku	WIX
491	pehe	pehe	WIX
491	nawarieni	nawarieni	WIX
491	..	..	OTHER
491	jaaa	jaaa	OTHER
491	saludos	saludos	ES
491	amiga	amiga	ES
492	Que	Que	ES
492	k+m+ri	k+m+ri	WIX
492	a	a	ES
492	clases	clases	ES
492	ukari	ukari	WIX
493	Jajajaja	Jajajaja	OTHER
493	con	con	ES
493	m+me	m+me	WIX
494	Ke	Ke	WIX
494	kuta	kuta	WIX
494	rik+	rik+	WIX
494	neni√±a	ne ni√±a	WIX ES
495	Oigan	Oigan	ES
495	amigas	amigas	ES
495	hermosas	hermosas	ES
495	falte	falte	ES
495	yop	yop	ES.SLANG
495	hehe	hehe	OTHER
495	...	...	OTHER
495	Jiji	Jiji	OTHER
495	no	no	ES
495	se	se	ES
495	crean	crean	ES
495	pa	pa	ES.SLANG
495	la	la	ES
495	otra	otra	ES
495	pero	pero	ES
495	ustedes	ustedes	ES
495	est√°n	est√°n	ES
495	guap√≠simas	guap√≠simas	ES
495	üòò	üòò	OTHER
495	üòò	üòò	OTHER
495	üòç	üòç	OTHER
495	üòç	üòç	OTHER
495	las	las	ES
495	kiero	kiero	ES.SLANG
495	ukarizz	uki ri zz	WIX WIX ES.SLANG
496	Jjjjj	Jjjjj	OTHER
496	si	si	ES
496	me	me	ES
496	jjjj	jjjj	OTHER
496	aku	aku	WIX
496	neamore	ne amore	WIX ES
497	Presenta	Presenta	ES
497	a	a	ES
497	tu	tu	ES
497	amiga	amiga	ES
497	neiwa	neiwa	WIX
497	au	au	WIX
498	aaa	aaa	ES.SLANG
498	pasiona	pasiona	ES.SLANG
498	tih+k+	tih+k+	WIX
499	Que	Que	ES
499	bonito	bonito	ES
499	es	es	ES
499	lo	lo	ES
499	bonito	bonito	ES
499	yuimakwaxa	yuimakwaxa	WIX
500	Guapos	Guapos	ES
500	xeme	xeme	WIX
501	No	No	ES
501	eres	eres	ES
501	"	"	OTHER
501	Wikipedia	Wikipedia	NE
501	"	"	OTHER
501	üîô	üîô	OTHER
501	pero	pero	ES
501	en	en	ES
501	ti	ti	ES
501	encontr√©	encontr√©	ES
501	todo	todo	ES
501	en	en	ES
501	ti	ti	ES
501	lo	lo	ES
501	k	k	ES.SLANG
501	m√°s	m√°s	ES
501	am√≥	am√≥	ES
501	en	en	ES
501	la	la	ES
501	vida	vida	ES
501	Neiyari	Neiyari	WIX
502	Oyee	Oyee	ES
502	pero	pero	ES
502	Wikipedia	Wikipedia	NE
502	es	es	ES
502	una	una	ES
502	fuente	fuente	ES
502	No	No	ES
502	confiable	confiable	ES
502	...	...	OTHER
502	tsepa	tsepa	WIX
502	?	?	OTHER
503	Tsepa	Tsepa	WIX
503	au	au	WIX
503	neamor	ne amor	WIX ES
503	üò±	üò±	OTHER
504	!	!	OTHER
504	Estan	Estan	ES
504	invitad@s	invitad@s	ES.SLANG
504	para	para	ES
504	el	el	ES
504	sabado	sabado	ES
504	el	el	ES
504	gran	gran	ES
504	baile	baile	ES
504	para	para	ES
504	q	q	ES.SLANG
504	bayan	bayan	ES.SLANG
504	alistando	alistando	ES
504	aique	aique	ES.SLANG
504	ir	ir	ES
504	a	a	ES
504	bailar	bailar	ES
504	!	!	OTHER
504	hawiema	hawiema	WIX
504	D	D	OTHER
504	"	"	OTHER
504	JB	JB	NE.ES
504	"	"	OTHER
504	siere√±o	siere√±o	ES
504	el	el	ES
504	sabado	sabado	ES.SLANG
504	ke	ke	WIX
504	kuta	kuta	WIX
505	Jjjj	Jjjj	ES
505	ai	ai	ES.SLANG
505	mi	mi	ES.SLANG
505	love	love	EN
505	q	q	ES.SLANG
505	bn	bn	ES.SLANG
505	me	me	ES
505	aku	aku	WIX
506	Neta	Neta	ES.SLANG
506	de	de	ES
506	yuriku	yuriku	WIX
506	nepaine	nepaine	WIX
507	Aaa	Aaa	ES.SLANG
507	si	si	ES
507	esta	esta	ES
507	bien	bien	ES
507	si	si	ES
507	te	te	ES
507	creo	creo	ES
507	pues	pues	ES.SLANG
507	au	au	WIX
507	zhula	zhula	ES.SLANG
507	.	.	OTHER
507	.	.	OTHER
508	Think	Think	EN
508	,	,	OTHER
508	forever	forever	EN
508	neykame	neykame	WIX
509	Extra√±o	Extra√±o	ES
509	ami	ami	ES.SLANG
509	kuee	kuee	WIX
509	x+	x+	WIX
510	A	A	ES
510	disfrutar	disfrutar	ES
510	de	de	ES
510	la	la	ES
510	solteria	solteria	ES
510	..	..	OTHER
510	kenaineni	kenaineni	WIX
510	..	..	OTHER
511	De	De	ES
511	nada	nada	ES
511	fue	fue	ES
511	un	un	ES
511	plaser	plaser	ES.SLANG
511	...	...	OTHER
511	eku	eku	WIX
511	uka	uka	WIX
511	.....	.....	OTHER
512	ma++	ma++	WIX
512	neprima	ne prima	WIX ES
512	extra√±ando	extra√±ando	ES
512	asu	asu	ES.SLANG
512	kuee	kuee	WIX
512	,	,	OTHER
512	waniuu	waniuu	WIX
512	jjj	jjj	OTHER
512	aveses	aveses	ES
512	extra√±amos	extra√±amos	ES
512	anuestras	anuestras	ES.SLANG
512	familias	familias	ES
512	y	y	ES
512	asi	asi	ES
512	nos	nos	ES
512	ponemos	ponemos	ES
512	pero	pero	ES
512	falta	falta	ES
512	pocas	pocas	ES
512	dias	dias	ES
512	para	para	ES
512	estarnos	estarnos	ES
512	con	con	ES
512	nuestras	nuestras	ES
512	familia	familia	ES
512	waat+	waat+	WIX
512	Mu√±oz	Mu√±oz	NE.ES
512	Gonz√°lez	Gonz√°lez	NE.ES
512	Ga√∫l	Ga√∫l	NE.ES
512	Yulita	Yulita	NE.ES
512	.	.	OTHER
512	Y	Y	ES
512	yo	yo	ES
512	bn	bn	ES.SLANG
512	pendeja	pendeja	ES
512	hacuendo	hacuendo	ES.SLANG
512	una	una	ES
512	locura	locura	ES
512	contigo	contigo	ES
512	jjj	jjj	ES
512	sera	sera	ES
512	x	x	ES.SLANG
512	q	q	ES
512	no	no	ES
512	extra√±o	extra√±o	ES
512	anadie	anadie	ES
512	jjj	jjj	OTHER
512	lokitha	lokitha	ES.SLANG
512	tu	tu	ES
512	prima	prima	ES
512	me	me	ES
512	aku	aku	OTHER
513	Nechiquilla	Ne chiquilla	WIX ES.SLANG
513	hermosa	hermosa	ES
514	ucha	ucha	ES
514	suerte	suerte	ES
514	neuka	neuka	WIX
514	lastima	lastima	ES
514	k	k	ES
514	no	no	ES
514	podre	podre	ES
514	ir	ir	ES
514	al	al	ES
514	evento	evento	ES
514	üçÉ	üçÉ	OTHER
515	Saludos	Saludos	ES
515	..	..	OTHER
515	Mys	Mys	ES.SLANG
515	hamikus	hamikus	ES.SLANG
515	...	...	OTHER
515	Animo	Animo	ES
516	Perroncillos	Perroncillos	ES
516	,	,	OTHER
516	√©chenle	√©chenle	ES
516	ganas	ganas	ES
516	.	.	OTHER
516	Hay	Hay	ES
516	la	la	ES
516	llevan	llevan	ES
516	y	y	ES
516	√©xito	√©xito	ES
516	carnales	carnales	ES
516	.	.	OTHER
516	Mis	Mis	ES
516	saludos	saludos	ES
516	en	en	ES
516	la	la	ES
516	pr√≥xima	pr√≥xima	ES
516	grabaci√≥n	grabaci√≥n	ES
516	hermanos	hermanos	ES
516	.	.	OTHER
516	Tep+a	Tep+a	WIX
516	tep+a	tep+a	WIX
516	hasta	hasta	ES
516	Soco	Soco	NE.ES
516	y	y	ES
516	Tuapurie	Tuapurie	NE.WIX
516	.	.	OTHER
516	üôâüôâüôâ	üôâüôâüôâ	OTHER
517	Muchisimas	Muchisimas	ES
517	..	..	OTHER
517	Gracias	Gracias	ES
517	...	...	OTHER
517	Primo	Primo	ES
517	..	..	OTHER
517	x	x	ES.SLANG
517	tus	tus	ES
517	animos	animos	ES
517	...	...	OTHER
517	tep+	tep+	WIX
517	...	...	OTHER
517	jeje	jeje	OTHER
517	...	...	OTHER
517	claro	claro	ES
517	ke	ke	ES.SLANG
517	si	si	ES
517	...	...	OTHER
518	Wuauuu	Wuauuu	OTHER
518	ook	ook	EN.SLANG
518	les	les	ES
518	agrego	agrego	ES
518	kuta	kuta	WIX
518	no	no	ES
518	cau	cau	?
518	mal	mal	ES
519	Gracias	Gracias	ES
519	por	por	ES
519	tu	tu	ES
519	apoyo	apoyo	ES
519	Neiwa	Neiwa	WIX
519	Saludos	Saludos	ES
519	De	De	ES
519	parte	parte	ES
519	de	de	ES
519	Nosotros	Nosotros	ES
519	te	te	ES
519	deseamos	deseamos	ES
519	exito	exito	ES
519	en	en	ES
519	tu	tu	ES
519	trabajo	trabajo	ES
519	Animo	Animo	ES
519	Bro	Bro	EN.SLANG
519	!!!	!!!	OTHER
519	Aqui	Aqui	ES
519	le	le	ES
519	seguimos	seguimos	ES
519	echando	echando	ES
519	ganitas	ganitas	ES
519	!	!	OTHER
519	!	!	OTHER
